-- phpMyAdmin SQL Dump
-- version 4.7.9
-- https://www.phpmyadmin.net/
--
-- Host: 127.0.0.1
-- Generation Time: Jul 29, 2018 at 05:31 PM
-- Server version: 10.1.31-MariaDB
-- PHP Version: 5.6.34

SET SQL_MODE = "NO_AUTO_VALUE_ON_ZERO";
SET AUTOCOMMIT = 0;
START TRANSACTION;
SET time_zone = "+00:00";


/*!40101 SET @OLD_CHARACTER_SET_CLIENT=@@CHARACTER_SET_CLIENT */;
/*!40101 SET @OLD_CHARACTER_SET_RESULTS=@@CHARACTER_SET_RESULTS */;
/*!40101 SET @OLD_COLLATION_CONNECTION=@@COLLATION_CONNECTION */;
/*!40101 SET NAMES utf8mb4 */;

--
-- Database: `siekin`
--

-- --------------------------------------------------------

--
-- Table structure for table `aspek`
--

CREATE TABLE `aspek` (
  `id_aspek` float NOT NULL,
  `nama_aspek` varchar(155) DEFAULT NULL
) ENGINE=InnoDB DEFAULT CHARSET=latin1;

--
-- Dumping data for table `aspek`
--

INSERT INTO `aspek` (`id_aspek`, `nama_aspek`) VALUES
(1, 'Aspek Keuangan'),
(2, 'Aspek Pelayanan');

-- --------------------------------------------------------

--
-- Table structure for table `indikator`
--

CREATE TABLE `indikator` (
  `id_indikator` float NOT NULL,
  `nama_indikator` varchar(155) DEFAULT NULL,
  `bobot` double DEFAULT '0',
  `id_subaspek` varchar(11) DEFAULT NULL,
  `id_kelindikator` varchar(11) DEFAULT NULL,
  `id_aspek` float NOT NULL
) ENGINE=InnoDB DEFAULT CHARSET=latin1;

--
-- Dumping data for table `indikator`
--

INSERT INTO `indikator` (`id_indikator`, `nama_indikator`, `bobot`, `id_subaspek`, `id_kelindikator`, `id_aspek`) VALUES
(1, 'Rasio Kas (Cash Ratio)', 2, '1', '', 1),
(2, 'Rasio Lancar (Curent Ratio)', 2.5, '1', '', 1),
(3, 'Periode Penagihan Piutang ( Collection Period)', 2, '1', '', 1),
(4, 'Perputaran Aset Tetap (Fixed Asset Turnover)', 2, '1', '', 1),
(5, 'lmbalan atas Aset Tetap (Return on Fixed Asset)', 2, '1', '', 1),
(6, 'Imbalan Ekuitas (Return on Equity)', 2, '1', '', 1),
(7, 'Perputaran Persediaan (Inventory Turnover)', 2, '1', '', 1),
(8, 'Rasio Pendapatan Operasional thd Biaya Operasional ', 2.5, '1', '', 1),
(9, 'Rasio Subsidi Biaya Pasien', 2, '1', '', 1),
(10, 'Rencana Bisnis dan Anggaran (RBA) Definitif', 2, '2', '', 1),
(11, 'Laporan Keuangan', 2, '2', '', 1),
(12, 'Pengesahan Pendapatan dan Belanja BLU', 2, '2', '', 1),
(13, 'Tarif Layanan', 1, '2', '', 1),
(14, 'Sistem Akuntansi', 1, '2', '', 1),
(15, 'Persetujuan Rekening', 0.5, '2', '', 1),
(16, 'SOP Pengelolaan Kas', 0.5, '2', '', 1),
(17, 'SOP Pengelolaan Piutang', 0.5, '2', '', 1),
(18, 'SOP Pengelolaan Utang', 0.5, '2', '', 1),
(19, 'SOP Pengadaan Barang dan Jasa', 0.5, '2', '', 1),
(20, 'SOP Pengelolaan Barang Inventaris', 0.5, '2', '', 1),
(21, 'Pertumbuhan Produktivitas', 0, '3', '', 2),
(22, 'Pertumbuhan Rata-rata Kunjungan Rawat Jalan', 3, '3', '21', 2),
(23, 'Pertumbuhan Rata-rata Kunjungan Rawat Darurat', 2.5, '3', '21', 2),
(24, 'Pertumbuhan Hari Perawatan Rawat Inap', 2.5, '3', '21', 2),
(25, 'Pertumbuhan Pemeriksaan Radiologi', 2.5, '3', '21', 2),
(26, 'Pertumbuhan Pemeriksaan Laboratoriurn', 2.5, '3', '21', 2),
(27, 'Pertumbuhan Operasi', 2.5, '3', '21', 2),
(28, 'Pertumbuhan Rehab Medik', 2.5, '3', '21', 2),
(29, 'Efektivitas Pelayanan', 0, '3', '', 2),
(30, 'Kelengkapan Rekam Medik 24 Jam Selesai Pelayanan', 2, '3', '29', 2),
(31, 'Pengembalian Rekam Medik', 2, '3', '29', 2),
(32, 'Angka Pembatalan Operasi', 2, '3', '29', 2),
(33, 'Angka Kegagalan Hasil Radiologi', 2, '3', '29', 2),
(34, 'Penulisan Resep Sesuai Formularium', 2, '3', '29', 2),
(35, 'Angka Pengulangan Pemeriksaan Laboratorium', 2, '3', '29', 2),
(36, 'Bed Occupancy Rate (BOR)', 2, '3', '29', 2),
(37, 'Pertumbuhan Pembelajaran', 0, '3', '', 2),
(38, 'Rata-rata Jam Pelatihan/Karyawan', 1.5, '3', '37', 2),
(39, 'Program Reward and Punishment', 1.5, '3', '37', 2),
(40, 'Mutu Pelayanan', 0, '4', '', 2),
(41, 'Emergency Response Time Rate', 2, '4', '40', 2),
(42, 'Waktu Tunggu Rawat Jalan', 2, '4', '40', 2),
(43, 'Length of Stay', 2, '4', '40', 2),
(44, 'Kecepatan Pelayanan Resep Obat Jadi', 2, '4', '40', 2),
(45, 'Waktu Tunggu Sebelum Operasi', 2, '4', '40', 2),
(46, 'Waktu Tunggu Hasil Laboratorium', 2, '4', '40', 2),
(47, 'Waktu Tunggu Hasil Radiologi', 2, '4', '40', 2),
(48, 'Mutu Klinik', 0, '4', '', 2),
(49, 'Angka Kematian di Gawat Darurat', 2, '4', '48', 2),
(50, 'Angka Kematian/Kebutaan >= 48 Jam', 2, '4', '48', 2),
(51, 'Post Operative Death Rate', 2, '4', '48', 2),
(52, 'Angka Infeksi Nosokomial', 4, '4', '48', 2),
(53, 'Angka Kematian Ibu di Rumah Sakit', 2, '4', '48', 2),
(54, 'Kepedulian Kepada Masyarakat', 0, '4', '', 2),
(55, 'Penyuluhan Kesehatan', 2, '4', '54', 2),
(56, 'Rasio Tempat Tidur Kelas III', 2, '4', '54', 2),
(57, 'Kepuasan Pelanggan', 0, '4', '', 2),
(58, 'Penanganan Pengaduan/Komplain', 1, '4', '57', 2),
(59, 'Kepuasan Pelanggan', 1, '4', '57', 2),
(60, 'Kepedulian Terhadap Lingkungan', 0, '4', '', 2),
(61, 'Kepedulian Terhadap Lingkungan', 3, '4', '60', 2);

-- --------------------------------------------------------

--
-- Table structure for table `penilaian`
--

CREATE TABLE `penilaian` (
  `id_penilaian` int(11) NOT NULL,
  `id_rsd` int(11) DEFAULT NULL,
  `tahun` int(11) DEFAULT NULL,
  `id_indikator` int(11) DEFAULT NULL,
  `nilai` float DEFAULT NULL,
  `capaian` float DEFAULT NULL,
  `persentase` float NOT NULL,
  `penyebab` text
) ENGINE=InnoDB DEFAULT CHARSET=latin1;

--
-- Dumping data for table `penilaian`
--

INSERT INTO `penilaian` (`id_penilaian`, `id_rsd`, `tahun`, `id_indikator`, `nilai`, `capaian`, `persentase`, `penyebab`) VALUES
(1, 1, 2016, 23, 2.5, 4, 1.6, 'eidt'),
(2, 1, 2016, 30, 2, 2.5, 1.25, '4daycore'),
(3, 1, 2016, 29, 2.5, 2.5, 1, '42'),
(4, 1, 2016, 28, 2.5, 2.5, 1, '42'),
(5, 1, 2016, 27, 2.5, 2.5, 1, '42'),
(6, 1, 2016, 26, 2.5, 2.5, 1, '442'),
(7, 1, 2016, 25, 2.5, 2.5, 1, '442'),
(8, 1, 2016, 24, 2.5, 2.5, 1, '442'),
(9, 1, 2016, 35, 2, 2, 1, '42'),
(10, 1, 2016, 34, 2, 2, 1, '42'),
(11, 1, 2016, 33, 2, 2, 1, '42'),
(12, 1, 2016, 32, 2, 2, 1, '42'),
(13, 1, 2016, 38, 1.5, 2, 1.33333, '42'),
(14, 1, 2016, 37, 2, 2, 1, '442'),
(15, 1, 2016, 36, 2, 2, 1, '42'),
(16, 1, 2016, 41, 2, 1.5, 0.75, '442'),
(17, 1, 2016, 40, 1.5, 1.5, 1, '42'),
(18, 1, 2016, 47, 2, 2, 1, '42'),
(19, 1, 2016, 46, 2, 2, 1, '2'),
(20, 1, 2016, 45, 2, 2, 1, '2'),
(21, 1, 2016, 44, 2, 2, 1, '2'),
(22, 1, 2016, 43, 2, 2, 1, '2'),
(23, 1, 2016, 49, 2, 2, 1, '2'),
(24, 1, 2016, 48, 2, 2, 1, '2'),
(25, 1, 2016, 55, 2, 2, 1, '2'),
(26, 1, 2016, 54, 4, 4, 1, '2'),
(27, 1, 2016, 53, 2, 2, 1, '2'),
(28, 1, 2016, 52, 4, 2, 0.5, '2'),
(29, 1, 2016, 51, 2, 2, 1, '2'),
(30, 1, 2016, 59, 1, 2, 2, '2'),
(31, 1, 2016, 58, 1, 1, 1, '2'),
(32, 1, 2016, 57, 1, 1, 1, '2'),
(33, 1, 2016, 61, 3, 2, 0.666667, '2'),
(34, 1, 2016, 62, 1, 1, 1, '2'),
(35, 1, 2016, 65, 3, 3, 1, '2'),
(36, 1, 2016, 64, 2, 2, 1, '2'),
(37, 1, 2016, 1, 2, 1, 0.5, '1'),
(38, 1, 2016, 2, 2.5, 1, 0.4, '1'),
(39, 1, 2016, 3, 2, 1, 0.5, '1'),
(40, 1, 2016, 4, 2, 1, 0.5, '11'),
(41, 1, 2016, 5, 2, 1, 0.5, '1'),
(42, 1, 2016, 6, 2, 1, 0.5, '11'),
(43, 1, 2016, 7, 2, 1, 0.5, '1'),
(44, 1, 2016, 8, 2.5, 1, 0.4, '1'),
(45, 1, 2016, 9, 2, 1, 0.5, '1'),
(46, 1, 2016, 21, 2, 11, 0.181818, '1'),
(47, 1, 2016, 10, 2, 1, 0.5, '11'),
(48, 1, 2016, 11, 2, 1, 0.5, '1'),
(49, 1, 2016, 12, 2, 1, 0.5, '11'),
(50, 1, 2016, 13, 1, 1, 1, '1'),
(51, 1, 2016, 14, 1, 1, 1, '1'),
(52, 1, 2016, 15, 0.5, 0.5, 1, '1'),
(53, 1, 2016, 16, 0.5, 0.5, 1, '1'),
(54, 1, 2016, 17, 0.5, 0.5, 1, '1'),
(55, 1, 2016, 18, 0.5, 0.5, 1, '1'),
(56, 1, 2016, 19, 0.5, 0.5, 1, '1'),
(57, 1, 2016, 20, 0.5, 0.5, 1, '1'),
(58, 208, 2018, 1, 2, 1, 0.5, ''),
(59, 208, 2018, 2, 2.5, 2, 0.8, ''),
(60, 208, 2018, 3, 2, 1, 0.5, ''),
(61, 208, 2018, 4, 2, 0.8, 0.4, ''),
(62, 208, 2018, 5, 2, 0.4, 0.2, ''),
(63, 208, 2018, 6, 2, 0.5, 0.25, ''),
(64, 208, 2018, 7, 2, 0.4, 0.2, ''),
(65, 208, 2018, 8, 2.5, 2, 0.8, ''),
(66, 208, 2018, 9, 2, 1.9, 0.95, ''),
(67, 208, 2018, 21, 2, 1.8, 1.11111, ''),
(68, 208, 2018, 10, 2, 1.2, 0.6, ''),
(69, 208, 2018, 11, 2, 1.2, 0.6, ''),
(70, 208, 2018, 12, 2, 1.2, 0.6, ''),
(71, 208, 2018, 13, 1, 0.4, 0.4, ''),
(72, 208, 2018, 14, 1, 0.2, 0.2, ''),
(73, 208, 2018, 15, 0.5, 0.2, 0.4, ''),
(74, 208, 2018, 16, 0.5, 0.1, 0.2, ''),
(75, 208, 2018, 17, 0.5, 0.2, 0.4, ''),
(76, 208, 2018, 18, 0.5, 0.2, 0.4, ''),
(77, 208, 2018, 19, 0.5, 0.1, 0.2, ''),
(78, 208, 2018, 20, 0.5, 0.2, 0.4, ''),
(79, 71, 2018, 28, 2.5, 2, 0.8, ''),
(80, 71, 2018, 27, 2.5, 2, 0.8, ''),
(81, 71, 2018, 26, 2.5, 2, 0.8, ''),
(82, 71, 2018, 25, 2.5, 2, 0.8, ''),
(83, 71, 2018, 24, 2.5, 2, 0.8, ''),
(84, 71, 2018, 23, 2.5, 1, 0.4, ''),
(85, 71, 2018, 30, 2, 2, 1, ''),
(86, 71, 2018, 29, 2.5, 2, 0.8, ''),
(87, 71, 2018, 38, 1.5, 1, 0.666667, ''),
(88, 71, 2018, 37, 2, 1, 0.5, ''),
(89, 71, 2018, 36, 2, 1, 0.5, ''),
(90, 71, 2018, 35, 2, 1, 0.5, ''),
(91, 71, 2018, 34, 2, 1, 0.5, ''),
(92, 71, 2018, 33, 2, 1, 0.5, ''),
(93, 71, 2018, 32, 2, 1, 0.5, ''),
(94, 71, 2018, 41, 2, 1, 0.5, ''),
(95, 71, 2018, 40, 1.5, 1, 0.666667, ''),
(96, 71, 2018, 49, 2, 2, 1, ''),
(97, 71, 2018, 48, 2, 1, 0.5, ''),
(98, 71, 2018, 47, 2, 1, 0.5, ''),
(99, 71, 2018, 46, 2, 1, 0.5, ''),
(100, 71, 2018, 45, 2, 1.4, 0.7, ''),
(101, 71, 2018, 44, 2, 1.2, 0.6, ''),
(102, 71, 2018, 43, 2, 1.2, 0.6, ''),
(103, 71, 2018, 53, 2, 1.4, 0.7, ''),
(104, 71, 2018, 52, 4, 1.2, 0.3, ''),
(105, 71, 2018, 51, 2, 1.5, 0.75, ''),
(106, 71, 2018, 55, 2, 1.6, 0.8, ''),
(107, 71, 2018, 54, 4, 2, 0.5, ''),
(108, 71, 2018, 59, 1, 1, 1, ''),
(109, 71, 2018, 58, 1, 0.5, 0.5, ''),
(110, 71, 2018, 57, 1, 0.2, 0.2, ''),
(111, 71, 2018, 62, 1, 0.1, 0.1, ''),
(112, 71, 2018, 61, 3, 0.1, 0.0333333, ''),
(113, 71, 2018, 65, 3, 0.2, 0.0666667, ''),
(114, 71, 2018, 64, 2, 1, 2, ''),
(115, 11, 2017, 1, 2, 1.2, 0.6, ''),
(116, 11, 2017, 2, 2.5, 2.1, 0.84, ''),
(117, 11, 2017, 3, 2, 1.3, 0.65, ''),
(118, 11, 2017, 4, 2, 1.1, 0.55, ''),
(119, 11, 2017, 5, 2, 1.5, 0.75, ''),
(120, 11, 2017, 6, 2, 1.2, 0.6, ''),
(121, 11, 2017, 7, 2, 1.2, 0.6, ''),
(122, 11, 2017, 8, 2.5, 2, 0.8, ''),
(123, 11, 2017, 9, 2, 1, 0.5, ''),
(124, 11, 2017, 10, 2, 1, 0.5, ''),
(125, 11, 2017, 11, 2, 1, 0.5, ''),
(126, 11, 2017, 12, 2, 1, 0.5, ''),
(127, 11, 2017, 13, 1, 0.9, 0.9, ''),
(128, 11, 2017, 14, 1, 0.8, 0.8, ''),
(129, 11, 2017, 15, 0.5, 0.2, 0.4, ''),
(130, 11, 2017, 16, 0.5, 0.2, 0.4, ''),
(131, 11, 2017, 17, 0.5, 0.2, 0.4, ''),
(132, 11, 2017, 18, 0.5, 0.2, 0.4, ''),
(133, 11, 2017, 19, 0.5, 0.2, 0.4, ''),
(134, 11, 2017, 20, 0.5, 0.1, 0.2, ''),
(135, 3, 2017, 1, 2, 2, 1, ''),
(136, 3, 2017, 2, 2.5, 2, 0.8, ''),
(137, 3, 2017, 3, 2, 2, 1, ''),
(138, 3, 2017, 4, 2, 1, 0.5, ''),
(139, 3, 2017, 5, 2, 1, 0.5, ''),
(140, 3, 2017, 6, 2, 1, 0.5, ''),
(141, 3, 2017, 7, 2, 1, 0.5, ''),
(142, 3, 2017, 8, 2.5, 1, 0.4, ''),
(143, 3, 2017, 9, 2, 1, 0.5, ''),
(144, 3, 2017, 10, 2, 1, 0.5, ''),
(145, 3, 2017, 11, 2, 1, 0.5, ''),
(146, 3, 2017, 12, 2, 1, 0.5, ''),
(147, 3, 2017, 13, 1, 1, 1, ''),
(148, 3, 2017, 14, 1, 1, 1, ''),
(149, 3, 2017, 15, 0.5, 0, 0, ''),
(150, 3, 2017, 16, 0.5, 0, 0, ''),
(151, 3, 2017, 17, 0.5, 0, 0, ''),
(152, 3, 2017, 18, 0.5, 0, 0, ''),
(153, 3, 2017, 19, 0.5, 0, 0, ''),
(154, 3, 2017, 20, 0.5, 0, 0, ''),
(155, 3, 2017, 22, 3, 3, 1, ''),
(156, 3, 2017, 28, 2.5, 2, 1.25, ''),
(157, 3, 2017, 27, 2.5, 2, 1.25, ''),
(158, 3, 2017, 26, 2.5, 2, 1.25, ''),
(159, 3, 2017, 25, 2.5, 2, 1.25, ''),
(160, 3, 2017, 24, 2.5, 2, 1.25, ''),
(161, 3, 2017, 23, 2.5, 2, 1.25, ''),
(162, 3, 2017, 34, 2, 2, 1, ''),
(163, 3, 2017, 33, 2, 2, 1, ''),
(164, 3, 2017, 32, 2, 2, 1, ''),
(165, 3, 2017, 31, 2, 2, 1, ''),
(166, 3, 2017, 30, 2, 2, 1, ''),
(167, 3, 2017, 36, 2, 2, 1, ''),
(168, 3, 2017, 35, 2, 2, 1, ''),
(169, 3, 2017, 39, 1.5, 1, 1.5, ''),
(170, 3, 2017, 38, 1.5, 1, 1.5, ''),
(171, 3, 2017, 47, 2, 2, 1, ''),
(172, 3, 2017, 46, 2, 2, 1, ''),
(173, 3, 2017, 45, 2, 2, 1, ''),
(174, 3, 2017, 44, 2, 2, 1, ''),
(175, 3, 2017, 43, 2, 2, 1, ''),
(176, 3, 2017, 42, 2, 2, 1, ''),
(177, 3, 2017, 41, 2, 2, 1, ''),
(178, 3, 2017, 53, 2, 2, 1, ''),
(179, 3, 2017, 52, 4, 2, 2, ''),
(180, 3, 2017, 51, 2, 2, 1, ''),
(181, 3, 2017, 50, 2, 2, 1, ''),
(182, 3, 2017, 49, 2, 2, 1, ''),
(183, 3, 2017, 56, 2, 2, 1, ''),
(184, 3, 2017, 55, 2, 2, 1, ''),
(185, 3, 2017, 59, 1, 1, 1, ''),
(186, 3, 2017, 58, 1, 1, 1, ''),
(187, 3, 2017, 61, 3, 2, 1.5, ''),
(188, 72, 2017, 1, 2, 2, 1, ''),
(189, 72, 2017, 2, 2.5, 2, 0.8, ''),
(190, 72, 2017, 3, 2, 1, 0.5, ''),
(191, 72, 2017, 4, 2, 1, 0.5, ''),
(192, 72, 2017, 5, 2, 1, 0.5, ''),
(193, 72, 2017, 6, 2, 1, 0.5, ''),
(194, 72, 2017, 7, 2, 1, 0.5, ''),
(195, 72, 2017, 8, 2.5, 1, 0.4, ''),
(196, 72, 2017, 9, 2, 2, 1, ''),
(197, 72, 2017, 10, 2, 2, 1, ''),
(198, 72, 2017, 11, 2, 2, 1, ''),
(199, 72, 2017, 12, 2, 2, 1, ''),
(200, 72, 2017, 13, 1, 1, 1, ''),
(201, 72, 2017, 14, 1, 1, 1, ''),
(202, 72, 2017, 15, 0.5, 0, 0, ''),
(203, 72, 2017, 16, 0.5, 0, 0, ''),
(204, 72, 2017, 17, 0.5, 0, 0, ''),
(205, 72, 2017, 18, 0.5, 0, 0, ''),
(206, 72, 2017, 19, 0.5, 0, 0, ''),
(207, 72, 2017, 20, 0.5, 0, 0, ''),
(208, 72, 2017, 22, 3, 3, 1, ''),
(209, 72, 2017, 28, 2.5, 2, 1.25, ''),
(210, 72, 2017, 27, 2.5, 2, 1.25, ''),
(211, 72, 2017, 26, 2.5, 2, 1.25, ''),
(212, 72, 2017, 25, 2.5, 2, 1.25, ''),
(213, 72, 2017, 24, 2.5, 2, 1.25, ''),
(214, 72, 2017, 23, 2.5, 2, 1.25, ''),
(215, 72, 2017, 34, 2, 2, 1, ''),
(216, 72, 2017, 33, 2, 2, 1, ''),
(217, 72, 2017, 32, 2, 2, 1, ''),
(218, 72, 2017, 31, 2, 2, 1, ''),
(219, 72, 2017, 30, 2, 2, 1, ''),
(220, 72, 2017, 36, 2, 2, 1, ''),
(221, 72, 2017, 35, 2, 2, 1, ''),
(222, 72, 2017, 39, 1.5, 1, 1.5, ''),
(223, 72, 2017, 38, 1.5, 1, 1.5, ''),
(224, 72, 2017, 47, 2, 2, 1, ''),
(225, 72, 2017, 46, 2, 2, 1, ''),
(226, 72, 2017, 45, 2, 2, 1, ''),
(227, 72, 2017, 44, 2, 2, 1, ''),
(228, 72, 2017, 43, 2, 2, 1, ''),
(229, 72, 2017, 42, 2, 2, 1, ''),
(230, 72, 2017, 41, 2, 2, 1, ''),
(231, 72, 2017, 53, 2, 2, 1, ''),
(232, 72, 2017, 52, 4, 2, 2, ''),
(233, 72, 2017, 51, 2, 2, 1, ''),
(234, 72, 2017, 50, 2, 2, 1, ''),
(235, 72, 2017, 49, 2, 2, 1, ''),
(236, 72, 2017, 56, 2, 2, 1, ''),
(237, 72, 2017, 55, 2, 2, 1, ''),
(238, 72, 2017, 59, 1, 1, 1, ''),
(239, 72, 2017, 58, 1, 1, 1, ''),
(240, 72, 2017, 61, 3, 1, 3, ''),
(241, 75, 2017, 1, 2, 1, 0.5, ''),
(242, 75, 2017, 2, 2.5, 2, 0.8, ''),
(243, 75, 2017, 3, 2, 1, 0.5, ''),
(244, 75, 2017, 4, 2, 1, 0.5, ''),
(245, 75, 2017, 5, 2, 1, 0.5, ''),
(246, 75, 2017, 6, 2, 1, 0.5, ''),
(247, 75, 2017, 7, 2, 1, 0.5, ''),
(248, 75, 2017, 8, 2.5, 2, 0.8, ''),
(249, 75, 2017, 9, 2, 1, 0.5, ''),
(250, 75, 2017, 10, 2, 1, 0.5, ''),
(251, 75, 2017, 11, 2, 1, 0.5, ''),
(252, 75, 2017, 12, 2, 1, 0.5, ''),
(253, 75, 2017, 13, 1, 1, 1, ''),
(254, 75, 2017, 14, 1, 1, 1, ''),
(255, 75, 2017, 15, 0.5, 0, 0, ''),
(256, 75, 2017, 16, 0.5, 0, 0, ''),
(257, 75, 2017, 17, 0.5, 0, 0, ''),
(258, 75, 2017, 18, 0.5, 0, 0, ''),
(259, 75, 2017, 19, 0.5, 0, 0, ''),
(260, 75, 2017, 20, 0.5, 0, 0, ''),
(261, 75, 2017, 22, 3, 2, 1.5, ''),
(262, 75, 2017, 28, 2.5, 1, 2.5, ''),
(263, 75, 2017, 27, 2.5, 1, 2.5, ''),
(264, 75, 2017, 26, 2.5, 1, 2.5, ''),
(265, 75, 2017, 25, 2.5, 2, 1.25, ''),
(266, 75, 2017, 24, 2.5, 2, 1.25, ''),
(267, 75, 2017, 23, 2.5, 2, 1.25, ''),
(268, 75, 2017, 34, 2, 2, 1, ''),
(269, 75, 2017, 33, 2, 2, 1, ''),
(270, 75, 2017, 32, 2, 2, 1, ''),
(271, 75, 2017, 31, 2, 2, 1, ''),
(272, 75, 2017, 30, 2, 2, 1, ''),
(273, 75, 2017, 36, 2, 2, 1, ''),
(274, 75, 2017, 35, 2, 2, 1, ''),
(275, 75, 2017, 39, 1.5, 1, 1.5, ''),
(276, 75, 2017, 38, 1.5, 1, 1.5, ''),
(277, 75, 2017, 47, 2, 1, 2, ''),
(278, 75, 2017, 46, 2, 1, 2, ''),
(279, 75, 2017, 45, 2, 1, 2, ''),
(280, 75, 2017, 44, 2, 1, 2, ''),
(281, 75, 2017, 43, 2, 1, 2, ''),
(282, 75, 2017, 42, 2, 1, 2, ''),
(283, 75, 2017, 41, 2, 1, 2, ''),
(284, 75, 2017, 53, 2, 2, 1, ''),
(285, 75, 2017, 52, 4, 3, 1.33333, ''),
(286, 75, 2017, 51, 2, 2, 1, ''),
(287, 75, 2017, 50, 2, 1, 2, ''),
(288, 75, 2017, 49, 2, 1, 2, ''),
(289, 75, 2017, 56, 2, 1, 2, ''),
(290, 75, 2017, 55, 2, 1, 2, ''),
(291, 75, 2017, 59, 1, 1, 1, ''),
(292, 75, 2017, 58, 1, 1, 1, ''),
(293, 75, 2017, 61, 3, 2, 1.5, ''),
(294, 577, 2016, 1, 2, 1, 0.5, ''),
(295, 577, 2016, 2, 2.5, 1, 0.4, ''),
(296, 577, 2016, 3, 2, 1, 0.5, ''),
(297, 577, 2016, 4, 2, 1, 0.5, ''),
(298, 577, 2016, 5, 2, 1, 0.5, ''),
(299, 577, 2016, 6, 2, 1, 0.5, ''),
(300, 577, 2016, 7, 2, 1, 0.5, ''),
(301, 577, 2016, 8, 2.5, 1, 0.4, ''),
(302, 577, 2016, 9, 2, 1, 0.5, ''),
(303, 577, 2016, 10, 2, 2, 1, ''),
(304, 577, 2016, 11, 2, 2, 1, ''),
(305, 577, 2016, 12, 2, 2, 1, ''),
(306, 577, 2016, 13, 1, 1, 1, ''),
(307, 577, 2016, 14, 1, 1, 1, ''),
(308, 577, 2016, 15, 0.5, 0, 0, ''),
(309, 577, 2016, 16, 0.5, 0, 0, ''),
(310, 577, 2016, 17, 0.5, 0, 0, ''),
(311, 577, 2016, 18, 0.5, 0, 0, ''),
(312, 577, 2016, 19, 0.5, 0, 0, ''),
(313, 577, 2016, 20, 0.5, 0, 0, ''),
(314, 577, 2016, 22, 3, 2, 1.5, ''),
(315, 577, 2016, 28, 2.5, 2, 1.25, ''),
(316, 577, 2016, 27, 2.5, 2, 1.25, ''),
(317, 577, 2016, 26, 2.5, 2, 1.25, ''),
(318, 577, 2016, 25, 2.5, 2, 1.25, ''),
(319, 577, 2016, 24, 2.5, 2, 1.25, ''),
(320, 577, 2016, 23, 2.5, 2, 1.25, ''),
(321, 577, 2016, 34, 2, 1, 2, ''),
(322, 577, 2016, 33, 2, 1, 2, ''),
(323, 577, 2016, 32, 2, 1, 2, ''),
(324, 577, 2016, 31, 2, 1, 2, ''),
(325, 577, 2016, 30, 2, 1, 2, ''),
(326, 577, 2016, 36, 2, 1, 2, ''),
(327, 577, 2016, 35, 2, 1, 2, ''),
(328, 577, 2016, 39, 1.5, 1, 1.5, ''),
(329, 577, 2016, 38, 1.5, 1, 1.5, ''),
(330, 577, 2016, 47, 2, 2, 1, ''),
(331, 577, 2016, 46, 2, 2, 1, ''),
(332, 577, 2016, 45, 2, 2, 1, ''),
(333, 577, 2016, 44, 2, 2, 1, ''),
(334, 577, 2016, 43, 2, 2, 1, ''),
(335, 577, 2016, 42, 2, 2, 1, ''),
(336, 577, 2016, 41, 2, 2, 1, ''),
(337, 577, 2016, 53, 2, 2, 1, ''),
(338, 577, 2016, 52, 4, 1, 4, ''),
(339, 577, 2016, 51, 2, 1, 2, ''),
(340, 577, 2016, 50, 2, 1, 2, ''),
(341, 577, 2016, 49, 2, 1, 2, ''),
(342, 577, 2016, 56, 2, 1, 2, ''),
(343, 577, 2016, 55, 2, 1, 2, ''),
(344, 577, 2016, 59, 1, 1, 1, ''),
(345, 577, 2016, 58, 1, 1, 1, ''),
(346, 577, 2016, 61, 3, 1, 3, ''),
(347, 634, 2016, 1, 2, 0, 0, ''),
(348, 634, 2016, 2, 2.5, 1, 0.4, ''),
(349, 634, 2016, 3, 2, 1, 0.5, ''),
(350, 634, 2016, 4, 2, 1, 0.5, ''),
(351, 634, 2016, 5, 2, 1, 0.5, ''),
(352, 634, 2016, 6, 2, 0, 0, ''),
(353, 634, 2016, 7, 2, 0, 0, ''),
(354, 634, 2016, 8, 2.5, 0, 0, ''),
(355, 634, 2016, 9, 2, 0, 0, ''),
(356, 634, 2016, 10, 2, 0, 0, ''),
(357, 634, 2016, 11, 2, 0, 0, ''),
(358, 634, 2016, 12, 2, 0, 0, ''),
(359, 634, 2016, 13, 1, 0, 0, ''),
(360, 634, 2016, 14, 1, 0, 0, ''),
(361, 634, 2016, 15, 0.5, 0, 0, ''),
(362, 634, 2016, 16, 0.5, 0, 0, ''),
(363, 634, 2016, 17, 0.5, 0, 0, ''),
(364, 634, 2016, 18, 0.5, 0, 0, ''),
(365, 634, 2016, 19, 0.5, 0, 0, ''),
(366, 634, 2016, 20, 0.5, 0, 0, ''),
(367, 634, 2016, 22, 3, 2, 0.666667, ''),
(368, 634, 2016, 28, 2.5, 1, 0.4, ''),
(369, 634, 2016, 27, 2.5, 0, 0, ''),
(370, 634, 2016, 26, 2.5, 0, 0, ''),
(371, 634, 2016, 25, 2.5, 0, 0, ''),
(372, 634, 2016, 24, 2.5, 0, 0, ''),
(373, 634, 2016, 23, 2.5, 0, 0, ''),
(374, 634, 2016, 34, 2, 0, 0, ''),
(375, 634, 2016, 33, 2, 0, 0, ''),
(376, 634, 2016, 32, 2, 0, 0, ''),
(377, 634, 2016, 31, 2, 1, 0.5, ''),
(378, 634, 2016, 30, 2, 1, 0.5, ''),
(379, 634, 2016, 36, 2, 1, 0.5, ''),
(380, 634, 2016, 35, 2, 1, 0.5, ''),
(381, 634, 2016, 39, 1.5, 1, 0.666667, ''),
(382, 634, 2016, 38, 1.5, 1, 0.666667, ''),
(383, 634, 2016, 47, 2, 1, 0.5, ''),
(384, 634, 2016, 46, 2, 0, 0, ''),
(385, 634, 2016, 45, 2, 0, 0, ''),
(386, 634, 2016, 44, 2, 0, 0, ''),
(387, 634, 2016, 43, 2, 0, 0, ''),
(388, 634, 2016, 42, 2, 0, 0, ''),
(389, 634, 2016, 41, 2, 0, 0, ''),
(390, 634, 2016, 53, 2, 0, 0, ''),
(391, 634, 2016, 52, 4, 0, 0, ''),
(392, 634, 2016, 51, 2, 0, 0, ''),
(393, 634, 2016, 50, 2, 0, 0, ''),
(394, 634, 2016, 49, 2, 0, 0, ''),
(395, 634, 2016, 56, 2, 0, 0, ''),
(396, 634, 2016, 55, 2, 0, 0, ''),
(397, 634, 2016, 59, 1, 0, 0, ''),
(398, 634, 2016, 58, 1, 0, 0, ''),
(399, 634, 2016, 61, 3, 0, 0, ''),
(400, 321, 2017, 1, 2, 2, 1, ''),
(401, 321, 2017, 2, 2.5, 1, 0.4, ''),
(402, 321, 2017, 3, 2, 2, 1, ''),
(403, 321, 2017, 4, 2, 1, 0.5, ''),
(404, 321, 2017, 5, 2, 1, 0.5, ''),
(405, 321, 2017, 6, 2, 2, 1, ''),
(406, 321, 2017, 7, 2, 1, 0.5, ''),
(407, 321, 2017, 8, 2.5, 1, 0.4, ''),
(408, 321, 2017, 9, 2, 2, 1, ''),
(409, 321, 2017, 10, 2, 2, 1, ''),
(410, 321, 2017, 11, 2, 2, 1, ''),
(411, 321, 2017, 12, 2, 1, 0.5, ''),
(412, 321, 2017, 13, 1, 1, 1, ''),
(413, 321, 2017, 14, 1, 1, 1, ''),
(414, 321, 2017, 15, 0.5, 0, 0, ''),
(415, 321, 2017, 16, 0.5, 0, 0, ''),
(416, 321, 2017, 17, 0.5, 0, 0, ''),
(417, 321, 2017, 18, 0.5, 0, 0, ''),
(418, 321, 2017, 19, 0.5, 0, 0, ''),
(419, 321, 2017, 20, 0.5, 0, 0, ''),
(420, 321, 2017, 22, 3, 1, 3, ''),
(421, 321, 2017, 28, 2.5, 1, 2.5, ''),
(422, 321, 2017, 27, 2.5, 1, 2.5, ''),
(423, 321, 2017, 26, 2.5, 2, 1.25, ''),
(424, 321, 2017, 25, 2.5, 2, 1.25, ''),
(425, 321, 2017, 24, 2.5, 2, 1.25, ''),
(426, 321, 2017, 23, 2.5, 2, 1.25, ''),
(427, 321, 2017, 34, 2, 2, 1, ''),
(428, 321, 2017, 33, 2, 2, 1, ''),
(429, 321, 2017, 32, 2, 1, 2, ''),
(430, 321, 2017, 31, 2, 1, 2, ''),
(431, 321, 2017, 30, 2, 1, 2, ''),
(432, 321, 2017, 36, 2, 1, 2, ''),
(433, 321, 2017, 35, 2, 1, 2, ''),
(434, 321, 2017, 39, 1.5, 1, 1.5, ''),
(435, 321, 2017, 38, 1.5, 1, 1.5, ''),
(436, 321, 2017, 47, 2, 1, 2, ''),
(437, 321, 2017, 46, 2, 1, 2, ''),
(438, 321, 2017, 45, 2, 1, 2, ''),
(439, 321, 2017, 44, 2, 1, 2, ''),
(440, 321, 2017, 43, 2, 1, 2, ''),
(441, 321, 2017, 42, 2, 1, 2, ''),
(442, 321, 2017, 41, 2, 1, 2, ''),
(443, 321, 2017, 53, 2, 1, 2, ''),
(444, 321, 2017, 52, 4, 1, 4, ''),
(445, 321, 2017, 51, 2, 1, 2, ''),
(446, 321, 2017, 50, 2, 1, 2, ''),
(447, 321, 2017, 49, 2, 1, 2, ''),
(448, 321, 2017, 56, 2, 1, 2, ''),
(449, 321, 2017, 55, 2, 1, 2, ''),
(450, 321, 2017, 59, 1, 1, 1, ''),
(451, 321, 2017, 58, 1, 1, 1, ''),
(452, 321, 2017, 61, 3, 1, 3, '');

-- --------------------------------------------------------

--
-- Table structure for table `perwakilan`
--

CREATE TABLE `perwakilan` (
  `id_perwakilan` float NOT NULL,
  `nama_perwakilan` varchar(55) NOT NULL,
  `kota_perwakilan` varchar(55) NOT NULL
) ENGINE=InnoDB DEFAULT CHARSET=latin1;

--
-- Dumping data for table `perwakilan`
--

INSERT INTO `perwakilan` (`id_perwakilan`, `nama_perwakilan`, `kota_perwakilan`) VALUES
(1, 'Aceh', 'Aceh'),
(2, 'Sumatera Utara', 'Sumatera Utara'),
(3, 'Sumatera Barat', 'Sumatera Barat'),
(4, 'Riau', 'Riau'),
(5, 'Kepulauan Riau', 'Kepulauan Riau'),
(6, 'Bangka Belitung', 'Bangka Belitung'),
(7, 'Jambi', 'Jambi'),
(8, 'Bengkulu', 'Bengkulu'),
(9, 'Sumatera Selatan', 'Sumatera Selatan'),
(10, 'Lampung', 'Lampung'),
(11, 'DKI Jakarta', 'DKI Jakarta'),
(12, 'Jawa Barat', 'Jawa Barat'),
(13, 'Banten', 'Banten'),
(14, 'Jawa Tengah', 'Jawa Tengah'),
(15, 'DIY', 'DIY'),
(16, 'Jawa Timur', 'Jawa Timur'),
(17, 'Kalimantan Barat', 'Kalimantan Barat'),
(18, 'Kalimantan Tengah', 'Kalimantan Tengah'),
(19, 'Kalimantan Selatan', 'Kalimantan Selatan'),
(20, 'Kalimantan Timur', 'Kalimantan Timur'),
(21, 'Kalimantan Utara', 'Kalimantan Utara'),
(22, 'Sulawesi Utara', 'Sulawesi Utara'),
(23, 'Sulawesi Tengah', 'Sulawesi Tengah'),
(24, 'Sulawesi Tenggara', 'Sulawesi Tenggara'),
(25, 'Sulawesi Selatan', 'Sulawesi Selatan'),
(26, 'Gorontalo', 'Gorontalo'),
(27, 'Sulawesi Barat', 'Sulawesi Barat'),
(28, 'Bali', 'Bali'),
(29, 'NTB', 'NTB'),
(30, 'NTT', 'NTT'),
(31, 'Maluku', 'Maluku'),
(32, 'Maluku Utara', 'Maluku Utara'),
(33, 'Papua', 'Papua'),
(34, 'Papua Barat', 'Papua Barat');

-- --------------------------------------------------------

--
-- Table structure for table `provinsi`
--

CREATE TABLE `provinsi` (
  `id_provinsi` float NOT NULL,
  `nama_provinsi` varchar(155) DEFAULT NULL
) ENGINE=InnoDB DEFAULT CHARSET=latin1;

--
-- Dumping data for table `provinsi`
--

INSERT INTO `provinsi` (`id_provinsi`, `nama_provinsi`) VALUES
(1, 'Aceh'),
(2, 'Sumatera Utara'),
(3, 'Sumatera Barat'),
(4, 'Riau'),
(5, 'Kepulauan Riau'),
(6, 'Bangka Belitung'),
(7, 'Jambi'),
(8, 'Bengkulu'),
(9, 'Sumatera Selatan'),
(10, 'Lampung'),
(11, 'DKI Jakarta'),
(12, 'Jawa Barat'),
(13, 'Banten'),
(14, 'Jawa Tengah'),
(15, 'DIY'),
(16, 'Jawa Timur'),
(17, 'Kalimantan Barat'),
(18, 'Kalimantan Tengah'),
(19, 'Kalimantan Selatan'),
(20, 'Kalimantan Timur'),
(21, 'Kalimantan Utara'),
(22, 'Sulawesi Utara'),
(23, 'Sulawesi Tengah'),
(24, 'Sulawesi Tenggara'),
(25, 'Sulawesi Selatan'),
(26, 'Gorontalo'),
(27, 'Sulawesi Barat'),
(28, 'Bali'),
(29, 'NTB'),
(30, 'NTT'),
(31, 'Maluku'),
(32, 'Maluku Utara'),
(33, 'Papua'),
(34, 'Papua Barat');

-- --------------------------------------------------------

--
-- Table structure for table `rsd`
--

CREATE TABLE `rsd` (
  `id_rsd` float NOT NULL,
  `nama_rsd` varchar(155) DEFAULT NULL,
  `pemilik` varchar(155) NOT NULL,
  `tipe` enum('a','b','c','d') DEFAULT NULL,
  `status` enum('belum','bertahap','penuh') DEFAULT NULL,
  `id_perwakilan` varchar(11) NOT NULL,
  `id_provinsi` varchar(11) DEFAULT NULL
) ENGINE=InnoDB DEFAULT CHARSET=latin1;

--
-- Dumping data for table `rsd`
--

INSERT INTO `rsd` (`id_rsd`, `nama_rsd`, `pemilik`, `tipe`, `status`, `id_perwakilan`, `id_provinsi`) VALUES
(1, 'RS Umum Daerah Dr. Zainoel Abidin', 'Dr. Zainoel Abidinnn', '', '', '1', '1'),
(2, 'RS Jiwa Banda Aceh', '', '', '', '1', '1'),
(3, 'RS Ibu dan Anak Propinsi NAD', '', '', '', '1', '1'),
(4, 'RS Umum Daerah Kota Subulussalam', '', '', '', '1', '1'),
(5, 'RS Umum Daerah Sabang', '', '', '', '1', '1'),
(6, 'RS Umum Daerah Langsa', '', '', '', '1', '1'),
(7, 'RS Umum Daerah Meuraxa', '', '', '', '1', '1'),
(8, 'RS Umum Daerah Simeulue', '', '', '', '1', '1'),
(9, 'RS Umum Daerah Tora Belo', '', '', '', '1', '1'),
(10, 'RS Umum Daerah Lasinrang Pinrang', '', '', '', '1', '1'),
(11, 'RS Umum Daerah Pidie Jaya', '', '', '', '1', '1'),
(12, 'RS Umum Daerah TGK Chik Ditiro Sigli', '', '', '', '1', '1'),
(13, 'RS Umum Daerah TGK. Abdullah Syafii Beureuneun', '', '', '', '1', '1'),
(14, 'RS Umum Daerah Sultan Iskandar Muda Nagan Raya', '', '', '', '1', '1'),
(15, 'RS Umum Daerah Cut Meutia Kab. Aceh Utara', '', '', '', '1', '1'),
(16, 'RS Umum Daerah Gayo Luwes', '', '', '', '1', '1'),
(17, 'RS Umum Daerah Dr. Fauziah Bireun', '', '', '', '1', '1'),
(18, 'RS Umum Daerah Muyang Kute Redelong Bener Meriah', '', '', '', '1', '1'),
(19, 'RS Umum Daerah dr. Zubir Mahmud', '', '', '', '1', '1'),
(20, 'RS Umum Daerah Sultan Alaiddin Said Maulana Abdul', '', '', '', '1', '1'),
(21, 'RS Umum Daerah H. Sahudin Kutacane', '', '', '', '1', '1'),
(22, 'RS Umum Daerah Datu Beru Takengon', '', '', '', '1', '1'),
(23, 'RS Umum Daerah Tamiang', '', '', '', '1', '1'),
(24, 'RS Umum Daerah Aceh Singkil', '', '', '', '1', '1'),
(25, 'RS Umum Daerah Dr. H. Yulidin Away', '', '', '', '1', '1'),
(26, 'RS Umum Daerah Teuku Umar Kabupaten Aceh Jaya', '', '', '', '1', '1'),
(27, 'RS Umum Daerah Kabupaten Aceh Besar', '', '', '', '1', '1'),
(28, 'RS Umum Daerah Teungku Peukan', '', '', '', '1', '1'),
(29, 'RS Umum Daerah Cut Nyak Dhien', '', '', '', '1', '1'),
(30, 'RS Umum Haji Medan', '', '', '', '2', '2'),
(31, 'RS Umum Kusta Lau Simomo', '', '', '', '2', '2'),
(32, 'RS Jiwa Prof. Dr. Muhammad Ildrem', '', '', '', '2', '2'),
(33, 'RS Kusta Pulau Sicanang', '', '', '', '2', '2'),
(34, 'RS Khusus Mata Provinsi Sumatera Utara', '', '', '', '2', '2'),
(35, 'RS Umum Daerah Dr. H. Kumpulan Pane', '', '', '', '2', '2'),
(36, 'RS Umum Daerah Dr. Tengku Mansyur', '', '', '', '2', '2'),
(37, 'RS Umum Daerah Dr. Fl Tobing Sibolga', '', '', '', '2', '2'),
(38, 'RS Umum Daerah Dr. Djasamen Saragih', '', '', '', '2', '2'),
(39, 'RS Umum Daerah Padang Sidempuan', '', '', '', '2', '2'),
(40, 'RS Umum Daerah Dr. Pirngadi', '', '', '', '2', '2'),
(41, 'RS Umum Daerah Dr. R. M. Djoelham Binjai', '', '', '', '2', '2'),
(42, 'RS Umum Daerah Porsea', '', '', '', '2', '2'),
(43, 'RS Umum Daerah Tarutung', '', '', '', '2', '2'),
(44, 'RS Umum Daerah Pandan', '', '', '', '2', '2'),
(45, 'RS Umum Daerah Tapanuli Selatan', '', '', '', '2', '2'),
(46, 'RS Umum Daerah Parapat', '', '', '', '2', '2'),
(47, 'RS Umum Daerah Perdagangan', '', '', '', '2', '2'),
(48, 'RS Umum Daerah Tuan Rondahaim Pematang Raya', '', '', '', '2', '2'),
(49, 'RS Umum Daerah Sultan Sulaiman Syariful Alamsyah', '', '', '', '2', '2'),
(50, 'RS Umum Daerah Dr. Hadrianus Sinaga', '', '', '', '2', '2'),
(51, 'RS Umum Daerah Gunung Tua', '', '', '', '2', '2'),
(52, 'RS Umum Daerah Sibuhuan', '', '', '', '2', '2'),
(53, 'RS Umum Daerah Lukas Hilisimaetano', '', '', '', '2', '2'),
(54, 'RS Umum Daerah Gunungsitoli', '', '', '', '2', '2'),
(55, 'RS Umum Daerah Panyabungan', '', '', '', '2', '2'),
(56, 'RS Umum Daerah dr. Husni Thamrin', '', '', '', '2', '2'),
(57, 'RS Umum Daerah Tanjung Pura', '', '', '', '2', '2'),
(58, 'RS Umum Daerah Aek Kanopan', '', '', '', '2', '2'),
(59, 'RS Umum Daerah Kota Pinang', '', '', '', '2', '2'),
(60, 'RS Umum Daerah Rantau Prapat', '', '', '', '2', '2'),
(61, 'RS Umum Daerah Kabanjahe', '', '', '', '2', '2'),
(62, 'RS Umum Daerah Dolok Sanggul', '', '', '', '2', '2'),
(63, 'RS Umum Dearah Deli Serdang', '', '', '', '2', '2'),
(64, 'RS Umum Daerah Sidikalang', '', '', '', '2', '2'),
(65, 'RS Umum Daerah Batu Bara', '', '', '', '2', '2'),
(66, 'RS Umum Daerah H. Abdul Manan Simatupang', '', '', '', '2', '2'),
(67, 'RS Umum Daerah Dr. Achmad Mochtar', '', '', '', '3', '3'),
(68, 'RS Jiwa Prof.Dr. Hasan Basri Saanin Datuk Tan Pari', '', '', '', '3', '3'),
(69, 'RS Umum Daerah Pariaman', '', '', '', '3', '3'),
(70, 'RS Umum Daerah Solok', '', '', '', '3', '3'),
(71, 'RS Paru Sumatera Barat', '', '', '', '3', '3'),
(72, 'RS Umum Daerah Sawah Lunto', '', '', '', '3', '3'),
(73, 'RS Umum Daerah Dr Adnaan WD', '', '', '', '3', '3'),
(74, 'RS Umum Daerah Dr Sadikin Kota Pariaman', '', '', '', '3', '3'),
(75, 'RS Umum Daerah Padang Panjang', '', '', '', '3', '3'),
(76, 'RS Umum Daerah dr. Rasidin Padang', '', '', '', '3', '3'),
(77, 'RS Umum Daerah Prof Dr M.A Hanafiah', '', '', '', '3', '3'),
(78, 'RS Umum Daerah Muara Labuh', '', '', '', '3', '3'),
(79, 'RS Umum Daerah Arosuka,Solok', '', '', '', '3', '3'),
(80, 'RS Umum Daerah Kabupaten Sijunjung', '', '', '', '3', '3'),
(81, 'RS Umum Daerah Dr. Muhammad Zein Painan', '', '', '', '3', '3'),
(82, 'RS Umum Daerah Pratama Tapan', '', '', '', '3', '3'),
(83, 'RS Umum Daerah Pasaman Barat', '', '', '', '3', '3'),
(84, 'RS Umum Daerah Lubuk Sikaping', '', '', '', '3', '3'),
(85, 'RS Umum Daerah Padang Pariaman', '', '', '', '3', '3'),
(86, 'RS Umum Daerah dr. Achmad Darwis', '', '', '', '3', '3'),
(87, 'RS Umum Daerah Kep. Mentawai', '', '', '', '3', '3'),
(88, 'RS Umum Daerah Sungai Dareh', '', '', '', '3', '3'),
(89, 'RS Umum Daerah Lubuk Basung', '', '', '', '3', '3'),
(90, 'RS Khusus Mata', '', '', '', '3', '3'),
(91, 'RS Umum Daerah Arifin Achmad', '', '', '', '4', '4'),
(92, 'RS Umum Daerah Petala Bumi', '', '', '', '4', '4'),
(93, 'RS Jiwa Tampan', '', '', '', '4', '4'),
(94, 'RS Umum Daerah Kota Dumai', '', '', '', '4', '4'),
(95, 'RS Umum Daerah Siak', '', '', '', '4', '4'),
(96, 'RS Umum Daerah Rokan Hulu', '', '', '', '4', '4'),
(97, 'RS Umum Daerah Dr. R.M. Pratomo Bagansiapiapi', '', '', '', '4', '4'),
(98, 'RS Umum Daerah Teluk Kuantan', '', '', '', '4', '4'),
(99, 'RS Umum Daerah Kabupaten Kepulauan Meranti', '', '', '', '4', '4'),
(100, 'RS Umum Daerah Bangkinang', '', '', '', '4', '4'),
(101, 'RS Umum Daerah Indrasari Rengat', '', '', '', '4', '4'),
(102, 'RS Umum Daerah Puri Husada Tembilahan', '', '', '', '4', '4'),
(103, 'RS Umum Daerah Tengku Sulung', '', '', '', '4', '4'),
(104, 'RS Umum Daerah Raja Musa', '', '', '', '4', '4'),
(105, 'RS Umum Daerah Bengkalis', '', '', '', '4', '4'),
(106, 'RS Umum Daerah Kec.Mandau', '', '', '', '4', '4'),
(107, 'RS Umum Daerah Selasih', '', '', '', '4', '4'),
(108, 'RS Umum Daerah Raden Mattaher Jambi', '', '', '', '7', '7'),
(109, 'RS Jiwa Daerah Provinsi Jambi', '', '', '', '7', '7'),
(110, 'RS Umum Daerah H. Abdul Manap', '', '', '', '7', '7'),
(111, 'RS Umum Daerah Sultan Thaha Saifuddin', '', '', '', '7', '7'),
(112, 'RS Umum Daerah Nurdin Hamzah', '', '', '', '7', '7'),
(113, 'RS Umum Daerah KH. Daud Arif', '', '', '', '7', '7'),
(114, 'RS Umum Daerah Prof. Dr. H. Chatib Quzwain', '', '', '', '7', '7'),
(115, 'RS Umum Daerah Ahmad Ripin', '', '', '', '7', '7'),
(116, 'RS Umum Daerah Sungai Bahar', '', '', '', '7', '7'),
(117, 'RS Umum Daerah Sungai Gelam', '', '', '', '7', '7'),
(118, 'RS Umum Daerah Kolonel Abundjani/Bangko', '', '', '', '7', '7'),
(119, 'RS Umum Daerah Mayjen H. A. Thalib', '', '', '', '7', '7'),
(120, 'RS Umum Daerah H. Hanafie', '', '', '', '7', '7'),
(121, 'RS Umum Daerah Haji Abdoel Madjid Batoe', '', '', '', '7', '7'),
(122, 'RS Umum Daerah Dr. M. Yunus Bengkulu', '', '', '', '8', '8'),
(123, 'RS Jiwa Soeprapto Provinsi Bengkulu', '', '', '', '8', '8'),
(124, 'RS Umum Daerah Kota Bengkulu', '', '', '', '8', '8'),
(125, 'RS Umum Daerah Tais Kabupaten Seluma', '', '', '', '8', '8'),
(126, 'RS Umum Daerah Curup', '', '', '', '8', '8'),
(127, 'RS Umum Daerah Mukomuko', '', '', '', '8', '8'),
(128, 'RS Umum Daerah Lebong', '', '', '', '8', '8'),
(129, 'RS Umum Daerah Kepahiang', '', '', '', '8', '8'),
(130, 'RS Umum Daerah Kaur', '', '', '', '8', '8'),
(131, 'RS Umum Daerah Arga Makmur', '', '', '', '8', '8'),
(132, 'RS Bergerak Enggano', '', '', '', '8', '8'),
(133, 'RS Umum Daerah Bengkulu Tengah', '', '', '', '8', '8'),
(134, 'RS Umum Daerah Hasanuddin Damrah Manna', '', '', '', '8', '8'),
(135, 'RS Jiwa Ernaldi Bahar Provinsi Sumatera Selatan', '', '', '', '9', '9'),
(136, 'RS Umum Daerah Provinsi Sumatera Selatan', '', '', '', '9', '9'),
(137, 'RS Khusus Paru Palembang', '', '', '', '9', '9'),
(138, 'RS Khusus Mata Masyarakat Provinsi Sumatera Selatan', '', '', '', '9', '9'),
(139, 'RS Khusus Gigi dan Mulut Palembang Prov Sumatera Selatan', '', '', '', '9', '9'),
(140, 'RS Umum Daerah Kota Prabumulih', '', '', '', '9', '9'),
(141, 'RS Umum Daerah Palembang Bari', '', '', '', '9', '9'),
(142, 'RS Umum Daerah Basemah Kota Pagar Alam', '', '', '', '9', '9'),
(143, 'RS Umum Daerah Siti Aisyah Kota Lubuk Linggau', '', '', '', '9', '9'),
(144, 'RS Umum Daerah Talang Ubi', '', '', '', '9', '9'),
(145, 'RS Umum Daerah Ogan Komering Ulu Timur', '', '', '', '9', '9'),
(146, 'RS Umum Daerah Martapura', '', '', '', '9', '9'),
(147, 'RS Umum Daerah Muara Dua', '', '', '', '9', '9'),
(148, 'RS Umum Daerah Dr. Ibnu Sutowo Baturaja', '', '', '', '9', '9'),
(149, 'RS Umum Daerah Kayuagung', '', '', '', '9', '9'),
(150, 'RS Umum Daerah Kabupaten Ogan Ilir', '', '', '', '9', '9'),
(151, 'RS Umum Daerah Rupit Kabupaten Musi Rawas Utara', '', '', '', '9', '9'),
(152, 'RS Umum Daerah Dr. Sobirin Kabupaten Musi Rawas', '', '', '', '9', '9'),
(153, 'RS Umum Daerah Muara Beliti', '', '', '', '9', '9'),
(154, 'RS Umum Daerah Sekayu', '', '', '', '9', '9'),
(155, 'RS Umum Daerah Sungai Lilin', '', '', '', '9', '9'),
(156, 'RS Umum Daerah Bayung Lincir', '', '', '', '9', '9'),
(157, 'RS Umum Daerah dr.H.M.Rabain Muara Enim', '', '', '', '9', '9'),
(158, 'RS Umum Daerah Lahat', '', '', '', '9', '9'),
(159, 'RS Umum Daerah Kabupaten Empat Lawang', '', '', '', '9', '9'),
(160, 'RS Umum Daerah Banyuasin', '', '', '', '9', '9'),
(161, 'RS Umum Daerah Dr H Abdul Moeloek', '', '', '', '10', '10'),
(162, 'RS Jiwa Bandar Lampung', '', '', '', '10', '10'),
(163, 'RS Umum Daerah Bandar Negara Husada', '', '', '', '10', '10'),
(164, 'RS Umum Daerah Ahmad Yani Metro', '', '', '', '10', '10'),
(165, 'RS Umum Daerah Dr. A. Dadi Tjokrodipo', '', '', '', '10', '10'),
(166, 'RS Umum Daerah Zainal Abidin Pagar Alam', '', '', '', '10', '10'),
(167, 'RS Umum Daerah Tulang Bawang Barat', '', '', '', '10', '10'),
(168, 'RS Umum Daerah Menggala Tulang Bawang', '', '', '', '10', '10'),
(169, 'RS Umum Daerah Kota Agung', '', '', '', '10', '10'),
(170, 'RS Umum Daerah Pringsewu', '', '', '', '10', '10'),
(171, 'RS Umum Daerah Mesuji', '', '', '', '10', '10'),
(172, 'RS Umum Daerah May Jen HM Ryacudu', '', '', '', '10', '10'),
(173, 'RS Umum Daerah Sukadana', '', '', '', '10', '10'),
(174, 'RS Umum Daerah Demang Sepulau Raya', '', '', '', '10', '10'),
(175, 'RS Umum Daerah Dr. H. Bob Bazar, SKM', '', '', '', '10', '10'),
(176, 'RS Umum Daerah Alimuddin Umar*', '', '', '', '10', '10'),
(177, 'RS Umum Daerah Pesawaran', '', '', '', '10', '10'),
(178, 'RS Umum Daerah Pasar Minggu', '', '', '', '11', '11'),
(179, 'RS Umum Pesanggrahan', '', '', '', '11', '11'),
(180, 'RS Umum Daerah Pasar Rebo', '', '', '', '11', '11'),
(181, 'RS Umum Daerah Budhi Asih', '', '', '', '11', '11'),
(182, 'RS Umum Daerah Koja', '', '', '', '11', '11'),
(183, 'RS Umum Daerah Kepulauan Seribu', '', '', '', '11', '11'),
(184, 'RS Umum Daerah Cengkareng', '', '', '', '11', '11'),
(185, 'RS Umum Daerah Kecamatan Kalideres', '', '', '', '11', '11'),
(186, 'RS Umum Daerah Kecamatan Kembangan', '', '', '', '11', '11'),
(187, 'RS Umum Daerah Taman Sari', '', '', '', '11', '11'),
(188, 'RS Umum Daerah Tarakan', '', '', '', '11', '11'),
(189, 'RS Umum Daerah Tanah Abang', '', '', '', '11', '11'),
(190, 'RS Umum Daerah Kemayoran', '', '', '', '11', '11'),
(191, 'RS Umum Daerah Sawah Besar', '', '', '', '11', '11'),
(192, 'RS Umum Daerah Johar Baru', '', '', '', '11', '11'),
(193, 'RS Umum Daerah Cempaka Putih', '', '', '', '11', '11'),
(194, 'RS Umum Daerah Kecamatan Tebet', '', '', '', '11', '11'),
(195, 'RS Umum Daerah Jagakarsa', '', '', '', '11', '11'),
(196, 'RS Umum Daerah Mampang Prapatan', '', '', '', '11', '11'),
(197, 'RS Umum Daerah Jati Padang', '', '', '', '11', '11'),
(198, 'RS Umum Daerah Kebayoran Baru', '', '', '', '11', '11'),
(199, 'RS Umum Daerah Matraman', '', '', '', '11', '11'),
(200, 'RS Jiwa Duren Sawit', '', '', '', '11', '11'),
(201, 'RS Umum Daerah Kramat Jati', '', '', '', '11', '11'),
(202, 'RS Umum Daerah Tugu Koja', '', '', '', '11', '11'),
(203, 'RS Umum Daerah Pademangan', '', '', '', '11', '11'),
(204, 'RS Umum Daerah Tanjung Priok', '', '', '', '11', '11'),
(205, 'RS Umum Daerah Cilincing', '', '', '', '11', '11'),
(206, 'RS Umum Daerah Ciracas', '', '', '', '11', '11'),
(207, 'RS Umum Daerah Al Ihsan Provinsi Jawa Barat', '', '', '', '12', '12'),
(208, 'RS Jiwa Provinsi Jawa Barat', '', 'a', '', '12', '12'),
(209, 'RS Paru Provinsi Jawa Barat', '', '', '', '12', '12'),
(210, 'RS Umum Daerah Pameungpeuk Prov. Jabar', '', '', '', '12', '12'),
(211, 'RS Umum Daerah Jampang Kulon', '', '', '', '12', '12'),
(212, 'RS Umum Daerah dr. Soekardjo', '', '', '', '12', '12'),
(213, 'RS Umum Daerah R Syamsudin SH', '', '', '', '12', '12'),
(214, 'RS Umum Daerah Al-Mulk', '', '', '', '12', '12'),
(215, 'RS Umum Daerah Kota Depok', '', '', '', '12', '12'),
(216, 'RS Umum Daerah Gunung Jati', '', '', '', '12', '12'),
(217, 'RS Umum Daerah Cibabat', '', '', '', '12', '12'),
(218, 'RS Umum Daerah Kota Bogor', '', '', '', '12', '12'),
(219, 'RS Umum Daerah dr. Chasbullah Abdulmadjid', '', '', '', '12', '12'),
(220, 'RS Umum Daerah Banjar', '', '', '', '12', '12'),
(221, 'RS Umum Daerah Kota Bandung', '', '', '', '12', '12'),
(222, 'RS Ibu dan Anak Kota Bandung', '', '', '', '12', '12'),
(223, 'RS Khusus Gigi dan Mulut Kota Bandung', '', '', '', '12', '12'),
(224, 'RS Umum Daerah Singaparna Medika Citrautama', '', '', '', '12', '12'),
(225, 'RS Umum Daerah Sumedang', '', '', '', '12', '12'),
(226, 'RS Umum Daerah Palabuhanratu', '', '', '', '12', '12'),
(227, 'RS Umum Daerah Sekarwangi', '', '', '', '12', '12'),
(228, 'RS Umum Daerah Subang', '', '', '', '12', '12'),
(229, 'RS Umum Daerah Bayu Asih', '', '', '', '12', '12'),
(230, 'RS Umum Daerah Majalengka', '', '', '', '12', '12'),
(231, 'RS Umum Daerah Cideres', '', '', '', '12', '12'),
(232, 'RS Umum Daerah 45 Kuningan', '', '', '', '12', '12'),
(233, 'RS Umum Daerah Linggajati Kuningan', '', '', '', '12', '12'),
(234, 'RS Umum Daerah Karawang', '', '', '', '12', '12'),
(235, 'RS Umum Daerah Kab. Indramayu', '', '', '', '12', '12'),
(236, 'RS Umum Daerah M.A. Sentot Patrol', '', '', '', '12', '12'),
(237, 'RS Umum Daerah dr. Slamet Garut', '', '', '', '12', '12'),
(238, 'RS Umum Daerah Waled', '', '', '', '12', '12'),
(239, 'RS Umum Daerah Arjawinangun', '', '', '', '12', '12'),
(240, 'RS Umum Daerah Pagelaran', '', '', '', '12', '12'),
(241, 'RS Umum Daerah Cimacan', '', '', '', '12', '12'),
(242, 'RS Umum Daerah Sayang', '', '', '', '12', '12'),
(243, 'RS Umum Daerah Kab. Ciamis', '', '', '', '12', '12'),
(244, 'RS Umum Daerah Ciawi', '', '', '', '12', '12'),
(245, 'RS Umum Daerah Cibinong', '', '', '', '12', '12'),
(246, 'RS Umum Daerah Cileungsi', '', '', '', '12', '12'),
(247, 'RS Umum Daerah Leuwiliang', '', '', '', '12', '12'),
(248, 'RS Umum Daerah Kab.Bekasi', '', '', '', '12', '12'),
(249, 'RS Umum Daerah Cabangbungin', '', '', '', '12', '12'),
(250, 'RS Umum Daerah Cililin', '', '', '', '12', '12'),
(251, 'RS Umum Daerah Lembang', '', '', '', '12', '12'),
(252, 'RS Umum Daerah Cikalong Wetan', '', '', '', '12', '12'),
(253, 'RS Umum Daerah Majalaya', '', '', '', '12', '12'),
(254, 'RS Umum Daerah Soreang', '', '', '', '12', '12'),
(255, 'RS Umum Daerah Cicalengka', '', '', '', '12', '12'),
(256, 'RS Umum Daerah Prof Dr. Margono Soekarjo Purwoker', '', '', '', '14', '14'),
(257, 'RS Umum Daerah Kelet Provinsi Jawa Tengah', '', '', '', '14', '14'),
(258, 'RS Jiwa Daerah Dr. RM. Soedjarwadi', '', '', '', '14', '14'),
(259, 'RS Umum Daerah Tugurejo Semarang', '', '', '', '14', '14'),
(260, 'RS Jiwa Daerah Dr. Amino Gondohutomo', '', '', '', '14', '14'),
(261, 'RS Umum Daerah Dr. Moewardi Surakarta', '', '', '', '14', '14'),
(262, 'RS Jiwa Daerah Surakarta', '', '', '', '14', '14'),
(263, 'RS Umum Daerah Kardinah', '', '', '', '14', '14'),
(264, 'RS Umum Daerah Kota Surakarta', '', '', '', '14', '14'),
(265, 'RS Umum Daerah K.M.R.T Wongso Negoro', '', '', '', '14', '14'),
(266, 'RS Umum Daerah Salatiga', '', '', '', '14', '14'),
(267, 'RS Umum Daerah Bendan Kota Pekalongan', '', '', '', '14', '14'),
(268, 'RS Umum Setjonegoro Wonosobo', '', '', '', '14', '14'),
(269, 'RS Umum Daerah Dr. Soediran Mangun Sumarso Wonogi', '', '', '', '14', '14'),
(270, 'RS Umum Daerah Djojonegoro Temanggung', '', '', '', '14', '14'),
(271, 'RS Umum Daerah dr. Soeselo Slawi Kabupaten Tegal', '', '', '', '14', '14'),
(272, 'RS Umum Daerah Suradadi', '', '', '', '14', '14'),
(273, 'RS Umum Daerah Sukoharjo', '', '', '', '14', '14'),
(274, 'RS Umum Daerah dr. Soehadi Prijonegoro', '', '', '', '14', '14'),
(275, 'RS Umum Daerah dr. Soeratno Gemolong', '', '', '', '14', '14'),
(276, 'RS Umum Daerah Ungaran', '', '', '', '14', '14'),
(277, 'RS Umum Daerah Ambarawa', '', '', '', '14', '14'),
(278, 'RS Umum Daerah dr. R. Soetrasno Rembang', '', '', '', '14', '14'),
(279, 'RS Umum Daerah Dr. M Ashari Pemalang', '', '', '', '14', '14'),
(280, 'RS Umum Daerah Kraton Kab. Pekalongan', '', '', '', '14', '14'),
(281, 'RS Umum Daerah Kajen Kab.Pekalongan', '', '', '', '14', '14'),
(282, 'RS Umum Daerah RAA Soewondo', '', '', '', '14', '14'),
(283, 'RS Umum Daerah Kayen Pati', '', '', '', '14', '14'),
(284, 'RS Umum Daerah dr. Loekmono Hadi', '', '', '', '14', '14'),
(285, 'RS Umum Daerah Dr. H. Soewondo Kendal', '', '', '', '14', '14'),
(286, 'RS Umum Daerah Karanganyar', '', '', '', '14', '14'),
(287, 'RS Umum Daerah R. A. Kartini', '', '', '', '14', '14'),
(288, 'RS Umum Daerah Dr. R.Soedjati Soemodiardjo', '', '', '', '14', '14'),
(289, 'RS Umum Daerah dr. R. Goeteng Taroenadibrata', '', '', '', '14', '14'),
(290, 'RS Bersalin Daerah Panti Nugroho', '', '', '', '14', '14'),
(291, 'RS Umum Daerah Sunan Kalijaga', '', '', '', '14', '14'),
(292, 'RS Umum Daerah Brebes', '', '', '', '14', '14'),
(293, 'RS Umum Daerah Bumiayu', '', '', '', '14', '14'),
(294, 'RS Umum Daerah Pandan Arang Boyolali', '', '', '', '14', '14'),
(295, 'RS Umum Daerah Waras Wiris', '', '', '', '14', '14'),
(296, 'RS Umum Daerah Simo', '', '', '', '14', '14'),
(297, 'RS Umum Daerah Dr. R. Soeprapto Cepu', '', '', '', '14', '14'),
(298, 'RS Umum Daerah Dr. R. Soetijono Blora', '', '', '', '14', '14'),
(299, 'RS Umum Daerah Kab. Batang', '', '', '', '14', '14'),
(300, 'RS Umum Daerah Limpung', '', '', '', '14', '14'),
(301, 'RS Umum Daerah Banyumas', '', '', '', '14', '14'),
(302, 'RS Umum Daerah Ajibarang', '', '', '', '14', '14'),
(303, 'RS Umum Daerah Hj. Anna Lasmanah Banjarnegara', '', '', '', '14', '14'),
(304, 'RS Paru Respira', '', '', '', '15', '15'),
(305, 'RS Jiwa Grhasia', '', '', '', '15', '15'),
(306, 'RS Umum Daerah Kota Yogyakarta', '', '', '', '15', '15'),
(307, 'UPT Rumah Sakit Pratama Kota Yogyakarta', '', '', '', '15', '15'),
(308, 'RS Umum Daerah Tidar', '', '', '', '15', '14'),
(309, 'RS Umum Daerah Sleman', '', '', '', '15', '15'),
(310, 'RS Umum Daerah Prambanan', '', '', '', '15', '15'),
(311, 'RS Umum Daerah Dr. Tjitrowardojo Purworejo', '', '', '', '15', '14'),
(312, 'RS Umum Daerah Wates', '', '', '', '15', '15'),
(313, 'RS Umum Daerah Nyi Ageng Serang', '', '', '', '15', '15'),
(314, 'RS Umum Daerah Bagas Waras', '', '', '', '15', '14'),
(315, 'RS Umum Daerah dr. Soedirman Kabupaten Kebumen', '', '', '', '15', '14'),
(316, 'RS Umum Daerah Prembun', '', '', '', '15', '14'),
(317, 'RS Umum Daerah Muntilan Kab. Magelang', '', '', '', '15', '14'),
(318, 'RS Umum Daerah Wonosari', '', '', '', '15', '15'),
(319, 'RS Umum Daerah Cilacap', '', '', '', '15', '14'),
(320, 'RS Umum Daerah Majenang', '', '', '', '15', '14'),
(321, 'RS Umum Daerah Panembahan Senopati', '', 'b', 'penuh', '15', '15'),
(322, 'RS Paru Jember', '', '', '', '16', '16'),
(323, 'RS Umum Karsa Husada Kota Batu', '', '', '', '16', '16'),
(324, 'RS Kusta Kediri', '', '', '', '16', '16'),
(325, 'RS Umum Daerah Dr. Soedono Madiun', '', '', '', '16', '16'),
(326, 'RS Paru Manguharjo Madiun', '', '', '', '16', '16'),
(327, 'RS Umum Daerah Dr. Saiful Anwar', '', '', '', '16', '16'),
(328, 'RS Umum Daerah Dr. Soetomo', '', '', '', '16', '16'),
(329, 'RS Umum Haji Surabaya', '', '', '', '16', '16'),
(330, 'RS Jiwa Menur', '', '', '', '16', '16'),
(331, 'RS Paru Surabaya', '', '', '', '16', '16'),
(332, 'RS Mata Masyarakat Jawa Timur', '', '', '', '16', '16'),
(333, 'RS Paru Dungus Madiun', '', '', '', '16', '16'),
(334, 'RS Umum Sumberglagah Mojokerto', '', '', '', '16', '16'),
(335, 'RS Umum Daerah Mohammad Noer Pamekasan', '', '', '', '16', '16'),
(336, 'RS Umum Dr. Wahidin Sudiro Husodo Kota Mojokerto', '', '', '', '16', '16'),
(337, 'RS Umum Daerah dr. Mohamad Soewandhie', '', '', '', '16', '16'),
(338, 'RS Umum Daerah Bhakti Dharma Husada', '', '', '', '16', '16'),
(339, 'RS Umum Daerah dr. Mohamad Saleh Kota Probolinggo', '', '', '', '16', '16'),
(340, 'RS Umum Daerah Dr. R. Soedarsono Kota Pasuruan', '', '', '', '16', '16'),
(341, 'RS Umum Daerah Kota Malang', '', '', '', '16', '16'),
(342, 'RS Umum Daerah Kota Madiun', '', '', '', '16', '16'),
(343, 'RS Umum Daerah Gambiran', '', '', '', '16', '16'),
(344, 'RS Umum Daerah Mardi Waluyo', '', '', '', '16', '16'),
(345, 'RS Umum Daerah Dr. Iskak Tulungagung', '', '', '', '16', '16'),
(346, 'RS Umum Daerah Dr. R. Koesma Tuban', '', '', '', '16', '16'),
(347, 'RS Umum Daerah dr. Soedomo Trenggalek', '', '', '', '16', '16'),
(348, 'RS Umum Daerah dr. H. Moh. Anwar', '', '', '', '16', '16'),
(349, 'RS Umum Daerah dr. Abdoer Rahem Kabupaten Situbon', '', '', '', '16', '16'),
(350, 'RS Umum Daerah Besuki Kabupaten Situbondo', '', '', '', '16', '16'),
(351, 'RS Umum Daerah Asembagus Kabupaten Situbondo', '', '', '', '16', '16'),
(352, 'RS Umum Daerah Sidoarjo', '', '', '', '16', '16'),
(353, 'RS Umum Daerah Kab. Sampang', '', '', '', '16', '16'),
(354, 'RS Umum Daerah Waluyo Jati Kraksaan', '', '', '', '16', '16'),
(355, 'RS Umum Daerah Tongas', '', '', '', '16', '16'),
(356, 'RS Umum Daerah Dr. Harjono S. Kabupaten Ponorogo', '', '', '', '16', '16'),
(357, 'RS Umum Daerah Bangil', '', '', '', '16', '16'),
(358, 'RS Umum Daerah Dr. H. Slamet Martodirdjo Pamekasan', '', '', '', '16', '16'),
(359, 'RS Umum Daerah Waru Pamekasan', '', '', '', '16', '16'),
(360, 'RS Umum Daerah dr. Darsono', '', '', '', '16', '16'),
(361, 'RS Umum Daerah Dr. Soeroto Ngawi', '', '', '', '16', '16'),
(362, 'RS Umum Daerah Nganjuk', '', '', '', '16', '16'),
(363, 'RS Umum Daerah Kertosono', '', '', '', '16', '16'),
(364, 'RS Umum Daerah Prof. Dr. Soekandar', '', '', '', '16', '16'),
(365, 'RS Umum Daerah Raden Achmad Basoeni', '', '', '', '16', '16'),
(366, 'RS Umum Daerah Kanjuruhan Kepanjen', '', '', '', '16', '16'),
(367, 'RS Umum Daerah Lawang', '', '', '', '16', '16'),
(368, 'RS Umum Daerah dr. Sayidiman Magetan', '', '', '', '16', '16'),
(369, 'RS Umum Daerah Caruban', '', '', '', '16', '16'),
(370, 'RS Umum Daerah Dolopo', '', '', '', '16', '16'),
(371, 'RS Daerah Dr. Haryoto Kabupaten Lumajang', '', '', '', '16', '16'),
(372, 'RS Umum Daerah Pasirian Kabupaten Lumajang', '', '', '', '16', '16'),
(373, 'RS Umum Daerah Dr. Soegiri Lamongan', '', '', '', '16', '16'),
(374, 'RS Umum Daerah Ngimbang', '', '', '', '16', '16'),
(375, 'RS Umum Daerah Kabupaten Kediri', '', '', '', '16', '16'),
(376, 'RS Umum Daerah Kab. Jombang', '', '', '', '16', '16'),
(377, 'RS Umum Daerah Ploso', '', '', '', '16', '16'),
(378, 'RS Umum Daerah Dr. Soebandi', '', '', '', '16', '16'),
(379, 'RS Daerah Kalisat Jember', '', '', '', '16', '16'),
(380, 'RS Daerah Balung Jember', '', '', '', '16', '16'),
(381, 'RS Umum Daerah Ibnu Sina Kab. Gresik', '', '', '', '16', '16'),
(382, 'RS Umar Masud', '', '', '', '16', '16'),
(383, 'RS Umum dr. H.Koesnadi Bondowoso', '', '', '', '16', '16'),
(384, 'RS Umum Daerah Dr. R. Sosodoro Djatikoesoemo', '', '', '', '16', '16'),
(385, 'RS umum Daerah Padangan', '', '', '', '16', '16'),
(386, 'RS Umum Daerah Sumberrejo', '', '', '', '16', '16'),
(387, 'RS Umum Daerah Ngudi Waluyo Wlingi', '', '', '', '16', '16'),
(388, 'RS Umum Daerah Blambangan', '', '', '', '16', '16'),
(389, 'RS Umum Daerah Genteng', '', '', '', '16', '16'),
(390, 'RS Umum Daerah Syarifah Ambami Rato Ebu', '', '', '', '16', '16'),
(391, 'RS Umum Daerah Dr. Soedarso Pontianak', '', '', '', '17', '17'),
(392, 'RS Jiwa Daerah Sei Bangkong Pontianak', '', '', '', '17', '17'),
(393, 'RS Jiwa Provinsi Kalimantan Barat', '', '', '', '17', '17'),
(394, 'RS Umum Daerah Dr. Abdul Aziz Singkawang', '', '', '', '17', '17'),
(395, 'RS Umum Daerah Sultan Syarif Mohammad Alkadri', '', '', '', '17', '17'),
(396, 'RS Umum Daerah Ade Muhammad Djoen Sintang', '', '', '', '17', '17'),
(397, 'RS Umum Daerah Kabupaten Sekadau', '', '', '', '17', '17'),
(398, 'RS Umum Daerah M. Th. Djaman Sanggau', '', '', '', '17', '17'),
(399, 'RS Bergerak Balai Karangan', '', '', '', '17', '17'),
(400, 'RS Umum Daerah Sambas', '', '', '', '17', '17'),
(401, 'RS Umum Daerah Pemangkat', '', '', '', '17', '17'),
(402, 'RS Umum Daerah Dr. Rubini Mempawah', '', '', '', '17', '17'),
(403, 'RS Umum Daerah Kabupaten Melawi', '', '', '', '17', '17'),
(404, 'RS Umum Daerah Kabupaten Landak', '', '', '', '17', '17'),
(405, 'RS Umum Daerah Dr. Agoesdjam Ketapang', '', '', '', '17', '17'),
(406, 'RS Umum Daerah dr. A. Diponegoro Putussibau', '', '', '', '17', '17'),
(407, 'RS Bergerak Badau Kapuas Hulu', '', '', '', '17', '17'),
(408, 'RS Umum Daerah Bengkayang', '', '', '', '17', '17'),
(409, 'RS Umum Daerah Dr Doris Sylvanus Palangka Raya', '', '', '', '18', '18'),
(410, 'RS Umum Kelas D Kota Palangka Raya', '', '', '', '18', '18'),
(411, 'RS Umum Daerah Sukamara', '', '', '', '18', '18'),
(412, 'RS Umum Daerah Kuala Pembuang', '', '', '', '18', '18'),
(413, 'RS Umum Daerah Hanau', '', '', '', '18', '18'),
(414, 'RS Umum Daerah Pulang Pisau', '', '', '', '18', '18'),
(415, 'RS Jiwa Kalawa Atei', '', '', '', '18', '18'),
(416, 'RS Umum Daerah Puruk Cahu', '', '', '', '18', '18'),
(417, 'RS Umum Daerah Lamandau', '', '', '', '18', '18'),
(418, 'RS Umum Daerah Mas Amsyar Kasongan', '', '', '', '18', '18'),
(419, 'RS Umum Daerah Dr H Soemarno S', '', '', '', '18', '18'),
(420, 'RS Umum Daerah Kuala Kurun', '', '', '', '18', '18'),
(421, 'RS Umum Daerah Muara Teweh', '', '', '', '18', '18'),
(422, 'RS Umum Daerah Tamiang Layang', '', '', '', '18', '18'),
(423, 'RS Umum Daerah Jaraga Sasameh', '', '', '', '18', '18'),
(424, 'RS Umum Daerah Jaraga Sultan Imanuddin', '', '', '', '18', '18'),
(425, 'RS Umum Daerah dr. Murjani', '', '', '', '18', '18'),
(426, 'RS Jiwa Sambang Lihum', '', '', '', '19', '19'),
(427, 'RS Umum Daerah Ulin Banjarmasin', '', '', '', '19', '19'),
(428, 'RS Umum Daerah Dr. H. Moch. Ansari Saleh', '', '', '', '19', '19'),
(429, 'RS Khusus Gigi dan Mulut Gusti Hasan Aman', '', '', '', '19', '19'),
(430, 'RS Umum Daerah Idaman Banjarbaru', '', '', '', '19', '19'),
(431, 'RS Umum Daerah Datu Sanggul Rantau', '', '', '', '19', '19'),
(432, 'RS Umum Daerah H. Boejasin Pelaihari', '', '', '', '19', '19'),
(433, 'RS Umum Daerah dr. H. Andi Abdurrahman Noor', '', '', '', '19', '19'),
(434, 'RS Umum Daerah H. Badaruddin Tanjung', '', '', '', '19', '19'),
(435, 'RS Umum Daerah Kabupaten Kotabaru', '', '', '', '19', '19'),
(436, 'RS Umum Daerah Pambalah Batung', '', '', '', '19', '19'),
(437, 'RS Umum Daerah H Damanhuri Barabai', '', '', '', '19', '19'),
(438, 'RS Umum Daerah Brigjed H. Hasan Basry Kandangan', '', '', '', '19', '19'),
(439, 'RS Umum Daerah Daha Sejahtera', '', '', '', '19', '19'),
(440, 'RS Umum Daerah H. Abdul Aziz Marabahan', '', '', '', '19', '19'),
(441, 'RS Umum Daerah Ratu Zalecha', '', '', '', '19', '19'),
(442, 'RS Umum Daerah Balangan', '', '', '', '19', '19'),
(443, 'RS Umum Daerah Dr. Kanujoso Djatiwibowo', '', '', '', '20', '20'),
(444, 'RS Umum Daerah Abdul Wahab Sjahranie', '', '', '', '20', '20'),
(445, 'RS Jiwa Atma Husada Mahakam', '', '', '', '20', '20'),
(446, 'RS Umum Daerah Korpri Abdul Wahab Syahranie', '', '', '', '20', '20'),
(447, 'RS Umum Daerah Inche Abdoel Moeis', '', '', '', '20', '20'),
(448, 'RS Umum Daerah Taman Husada', '', '', '', '20', '20'),
(449, 'RS Umum Daerah Balikpapan', '', '', '', '20', '20'),
(450, 'RS Bersalin Sayang Ibu Balikpapan', '', '', '', '20', '20'),
(451, 'RS Umum Daerah Pesawaran', '', '', '', '20', '20'),
(452, 'RS Umum Daerah Ratu Aji Putri Botung', '', '', '', '20', '20'),
(453, 'RS Umum Daerah Panglima Sebaya', '', '', '', '20', '20'),
(454, 'RS Umum Daerah Kudungga', '', '', '', '20', '20'),
(455, 'RS Pratama Sangkulirang', '', '', '', '20', '20'),
(456, 'RS Umum Daerah Aji Muhammad Parikesit', '', '', '', '20', '20'),
(457, 'RS Umum Daerah Aji Batara Agung Dewa Sakti', '', '', '', '20', '20'),
(458, 'RS Umum Daerah Dayaku Raja', '', '', '', '20', '20'),
(459, 'RS Umum Daerah Harapan Insan Sendawar', '', '', '', '20', '20'),
(460, 'RS Umum Daerah Dr. Abdul Rivai', '', '', '', '20', '20'),
(461, 'RS Umum Daerah Talisayan', '', '', '', '20', '20'),
(462, 'RSUD Manembo Nembo Kota Bitung', '', '', '', '22', '22'),
(463, 'RS Jiwa Prof. Dr. V. L. Ratumbusyang', '', '', '', '22', '22'),
(464, 'RS Umum Daerah Provinsi Sulawesi Utara', '', '', '', '22', '22'),
(465, 'RS Mata Provinsi Sulawesi Utara', '', '', '', '22', '22'),
(466, 'RSUD Noongan', '', '', '', '22', '22'),
(467, 'RSUD Popundayan', '', '', '', '22', '22'),
(468, 'RS Umum Daerah Maria Walanda Maramis', '', '', '', '22', '22'),
(469, 'RS Umum Daerah Mitra Sehat', '', '', '', '22', '22'),
(470, 'RSUD Amurang', '', '', '', '22', '22'),
(471, 'RSUD Dr. Sam Ratulangi', '', '', '', '22', '22'),
(472, 'RS Umum Daerah Talaud', '', '', '', '22', '22'),
(473, 'RS Bergerak Kab.Kep.Talaud', '', '', '', '22', '22'),
(474, 'RS Bergerak Kab.Kep.Sitaro', '', '', '', '22', '22'),
(475, 'RS Umum Daerah Tagulandang', '', '', '', '22', '22'),
(476, 'RSUD Liun Kendage', '', '', '', '22', '22'),
(477, 'RS Umum Daerah Bolaang Mongondow Utara', '', '', '', '22', '22'),
(478, 'RS Umum Daerah Bolaang Mongondow Selatan', '', '', '', '22', '22'),
(479, 'RSUD Datoe Binangkang', '', '', '', '22', '22'),
(480, 'RS Umum Daerah Undata Palu', '', '', '', '23', '23'),
(481, 'RS Umum Daerah Madani Palu', '', '', '', '23', '23'),
(482, 'RS Umum Anutapura Palu', '', '', '', '23', '23'),
(483, 'RS Umum Mokopido Toli-Toli', '', '', '', '23', '23'),
(484, 'RS Umum Daerah Ampana', '', '', '', '23', '23'),
(485, 'RS Umum Daerah Wakai', '', '', '', '23', '23'),
(486, 'RS Umum Daerah Poso', '', '', '', '23', '23'),
(487, 'RS Umum Daerah Anuntaloko Parigi', '', '', '', '23', '23'),
(488, 'RS Umum Daerah Raja Tombolotutu', '', '', '', '23', '23'),
(489, 'RS Umum Daerah Pratama Buluye Napoae Moutong', '', '', '', '23', '23'),
(490, 'RS Umum Daerah Kolonedale', '', '', '', '23', '23'),
(491, 'RS Umum Daerah Morowali', '', '', '', '23', '23'),
(492, 'RS Umum Daerah Kabelota', '', '', '', '23', '23'),
(493, 'RS Umum Pratama Tambu', '', '', '', '23', '23'),
(494, 'RS Umum Daerah Buol', '', '', '', '23', '23'),
(495, 'RS Umum Daerah Banggai', '', '', '', '23', '23'),
(496, 'RS Umum Daerah Trikora Salakan', '', '', '', '23', '23'),
(497, 'RS Umum Daerah Kabupaten Banggai', '', '', '', '23', '23'),
(498, 'RS Pratama dr. Abdul Chalik Masulili', '', '', '', '23', '23'),
(499, 'RS Torabelo Kabupaten Sigi', '', '', '', '23', '23'),
(500, 'RS Bahteramas Provinsi Sultra', '', '', '', '24', '24'),
(501, 'RS Jiwa Kendari', '', '', '', '24', '24'),
(502, 'RS Umum Daerah Kota Kendari', '', '', '', '24', '24'),
(503, 'RS Umum Daerah Kota Bau Bau', '', '', '', '24', '24'),
(504, 'RS Umum Daerah Kabupaten Wakatobi', '', '', '', '24', '24'),
(505, 'RS Umum Daerah Kabupaten Muna Barat', '', '', '', '24', '24'),
(506, 'RS Umum Daerah Raha', '', '', '', '24', '24'),
(507, 'RS Umum Daerah Kab.Konawe Utara', '', '', '', '24', '24'),
(508, 'RS Umum Daerah Konawe Selatan', '', '', '', '24', '24'),
(509, 'RS Umum Daerah Kabupaten Konawe Kepulauan', '', '', '', '24', '24'),
(510, 'RS Umum Daerah Konawe', '', '', '', '24', '24'),
(511, 'RS Umum Daerah H.M.Djafar Harun', '', '', '', '24', '24'),
(512, 'RS Umum Daerah Kabupaten Kolaka Timur', '', '', '', '24', '24'),
(513, 'RS Benyamin Guluh Kolaka', '', '', '', '24', '24'),
(514, 'RS Umum Daerah Kabupaten Buton Utara', '', '', '', '24', '24'),
(515, 'RS Umum Daerah Kabupaten Buton Tengah', '', '', '', '24', '24'),
(516, 'RS Umum Daerah Kabupaten Buton', '', '', '', '24', '24'),
(517, 'RS Umum Daerah Kabupaten Bombana', '', '', '', '24', '24'),
(518, 'RS Umum Daerah Labuang Baji', '', '', '', '25', '25'),
(519, 'RS Khusus Daerah Dadi', '', '', '', '25', '25'),
(520, 'RS Umum Daerah Haji Makassar', '', '', '', '25', '25'),
(521, 'RS Umum Daerah Sayang Rakyat', '', '', '', '25', '25'),
(522, 'RS Khusus Daerah Ibu dan Anak Siti Fatimah', '', '', '', '25', '25'),
(523, 'RS Khusus Daerah Ibu dan Anak Pertiwi', '', '', '', '25', '25'),
(524, 'RS Umum Daerah Andi Makkasau Parepare', '', '', '', '25', '25'),
(525, 'RS Umum Daerah Sawerigading', '', '', '', '25', '25'),
(526, 'RS Umum Daerah Daya Kota Makassar', '', '', '', '25', '25'),
(527, 'RS Umum Daerah Lamaddukkelleng Kabupaten Wajo', '', '', '', '25', '25'),
(528, 'RS Umum Daerah Siwa', '', '', '', '25', '25'),
(529, 'RS Umum Daerah Pongtiku', '', '', '', '25', '25'),
(530, 'RS Umum Daerah Lakipadada', '', '', '', '25', '25'),
(531, 'RS Umum Daerah H. Padjonga Dg. Ngalle Takalar', '', '', '', '25', '25'),
(532, 'RS Umum Daerah Latemmamala Soppeng', '', '', '', '25', '25'),
(533, 'RS Umum Daerah Kabupaten Sinjai', '', '', '', '25', '25'),
(534, 'RS Umum Daerah Nene Mallomo', '', '', '', '25', '25'),
(535, 'RS Umum Daerah Arifin Numang', '', '', '', '25', '25'),
(536, 'RS Pratama Bungi', '', '', '', '25', '25'),
(537, 'RS Umum Daerah Pangkep', '', '', '', '25', '25'),
(538, 'RS Umum Daerah Salewangang Maros', '', '', '', '25', '25'),
(539, 'RS Umum Daerah Andi Djemma Masamba', '', '', '', '25', '25'),
(540, 'RS Umum Daerah I Lagaligo', '', '', '', '25', '25'),
(541, 'RS Umum Daerah Batara Guru', '', '', '', '25', '25'),
(542, 'RS Umum Daerah K.H. Hayyung Kepulauan Selayar', '', '', '', '25', '25'),
(543, 'RS Umum Daerah Lanto Daeng Pasewang', '', '', '', '25', '25'),
(544, 'RS Umum Daerah Syehk Yusuf Gowa', '', '', '', '25', '25'),
(545, 'RS Umum Daerah Massenrempulu Enrekang', '', '', '', '25', '25'),
(546, 'RS Umum Hj. Puang Sabbe', '', '', '', '25', '25'),
(547, 'RS Umum Daerah H.A. Sulthan Daeng Radja', '', '', '', '25', '25'),
(548, 'RS Umum Daerah Tenriawaru Bone', '', '', '', '25', '25'),
(549, 'RS Umum Daerah Datu Pancaitana', '', '', '', '25', '25'),
(550, 'RS Umum Daerah Barru', '', '', '', '25', '25'),
(551, 'RS Umum Daerah Prof.Dr.H.M. Anwar Makkatutu', '', '', '', '25', '25'),
(552, 'RS Jiwa Provinsi Bali', '', '', '', '28', '28'),
(553, 'RS Umum Daerah Bali Mandara Provinsi Bali', '', '', '', '28', '28'),
(554, 'RS Khusus Mata Bali Mandara', '', '', '', '28', '28'),
(555, 'RS Umum Daerah Wangaya', '', '', '', '28', '28'),
(556, 'RS Umum Daerah Kab. Badung Mangusada', '', '', '', '28', '28'),
(557, 'RS Umum Daerah Kabupaten Bangli', '', '', '', '28', '28'),
(558, 'RS Umum Daerah Kab. Buleleng', '', '', '', '28', '28'),
(559, 'RS Pratama Tangguwisia', '', '', '', '28', '28'),
(560, 'RS Umum Daerah Sanjiwani Gianyar', '', '', '', '28', '28'),
(561, 'RS Umum Daerah Negara', '', '', '', '28', '28'),
(562, 'RS Umum Daerah Klungkung', '', '', '', '28', '28'),
(563, 'RS Umum Daerah Tabanan', '', '', '', '28', '28'),
(564, 'RS Nyitdah', '', '', '', '28', '28'),
(565, 'RS Umum Daerah Karangasem', '', '', '', '28', '28'),
(566, 'RS Umum Daerah NTB', '', '', '', '29', '29'),
(567, 'RS Jiwa Mutiara Sukma', '', '', '', '29', '29'),
(568, 'RS H. L. Manambai Abdulkadir', '', '', '', '29', '29'),
(569, 'RS Umum Daerah Kota Mataram', '', '', '', '29', '29'),
(570, 'RS Umum Bima', '', '', '', '29', '29'),
(571, 'RS Umum Daerah Sondosia Kab. Bima', '', '', '', '29', '29'),
(572, 'RS Umum Dompu', '', '', '', '29', '29'),
(573, 'RS Umum Daerah Patut Patuh Patju', '', '', '', '29', '29'),
(574, 'RS Umum Daerah Pratama Awet Muda Narmada', '', '', '', '29', '29'),
(575, 'RS Umum Praya', '', '', '', '29', '29'),
(576, 'RS Umum Dr. R. Sudjono', '', '', '', '29', '29'),
(577, 'RS Umum Kab. Lombok Utara', '', '', '', '29', '29'),
(578, 'RS Umum Sumbawa Besar', '', '', '', '29', '29'),
(579, 'RS Umum Daerah Asy-Syifa Sumbawa Barat', '', '', '', '29', '29'),
(580, 'RS Umum Prof Dr WZ Johanes', '', '', '', '30', '30'),
(581, 'RS Jiwa Naimata', '', '', '', '30', '30'),
(582, 'RS Umum Daerah S. K. Lerik', '', '', '', '30', '30'),
(583, 'RS Umum Daerah Kalabahi', '', '', '', '30', '30'),
(584, 'RS Bergerak Kab.Alor', '', '', '', '30', '30'),
(585, 'RS Umum Daerah MGR Gabriel Manek', '', '', '', '30', '30'),
(586, 'RS Umum Daerah Ende', '', '', '', '30', '30'),
(587, 'RS Umum Daerah dr. Hendrikus Fernandez Larantuka', '', '', '', '30', '30'),
(588, 'RS Umum Daerah Naibonat', '', '', '', '30', '30'),
(589, 'RS Umum Daerah Lewoleba', '', '', '', '30', '30'),
(590, 'RS Penyangga Perbatasan Betun', '', '', '', '30', '30'),
(591, 'RS Umum Daerah dr. Ben Mboi Ruteng', '', '', '', '30', '30'),
(592, 'RS Umum Daerah Komodo', '', '', '', '30', '30'),
(593, 'RS Umum Bajawa', '', '', '', '30', '30'),
(594, 'RSUD Rote Ndao Ba\'a', '', '', '', '30', '30'),
(595, 'RS Umum Daerah Sabu Raijua', '', '', '', '30', '30'),
(596, 'RS Umum Dr TC Hillers Maumere', '', '', '', '30', '30'),
(597, 'RS Umum Waikabubak', '', '', '', '30', '30'),
(598, 'RS Umum Daerah Bergerak Sumba Tengah', '', '', '', '30', '30'),
(599, 'RS Umum Daerah Waingapu', '', '', '', '30', '30'),
(600, 'RS Umum Soe', '', '', '', '30', '30'),
(601, 'RS Umum Daerah Kefamenanu', '', '', '', '30', '30'),
(602, 'RS Umum Dr. M. Haulussy Ambon', '', '', '', '31', '31'),
(603, 'RS Umum Daerah Maren Kota Tual', '', '', '', '31', '31'),
(604, 'RS Umum Namlea', '', '', '', '31', '31'),
(605, 'RS Umum Daerah Namrole', '', '', '', '31', '31'),
(606, 'RS Umum Daerah Kabupaten Buton Selatan', '', '', '', '31', '31'),
(607, 'RS Umum Daerah Cendrawasih Dobo', '', '', '', '31', '31'),
(608, 'RS KD Ambon', '', '', '', '31', '31'),
(609, 'RS Umum Daerah Tiakur', '', '', '', '31', '31'),
(610, 'RS Umum Masohi', '', '', '', '31', '31'),
(611, 'RS Umum Saparua', '', '', '', '31', '31'),
(612, 'RS Umum Tulehu', '', '', '', '31', '31'),
(613, 'RS Umum Daerah Banda', '', '', '', '31', '31'),
(614, 'RS Umum Karel Sadsuitubun', '', '', '', '31', '31'),
(615, 'RS Bergerak Kab. Maluku Tenggara Barat', '', '', '', '31', '31'),
(616, 'RS Umum Daerah Dr. P. P. Magretti Saumlaki', '', '', '', '31', '31'),
(617, 'RS Umum Daerah dr. D. Anatototi', '', '', '', '31', '31'),
(618, 'RS Umum Daerah Kab. Seram Bagian Timur', '', '', '', '31', '31'),
(619, 'RS Umum Piru', '', '', '', '31', '31'),
(620, 'RS Umum Jayapura', '', '', '', '33', '33'),
(621, 'RS Umum Abepura', '', '', '', '33', '33'),
(622, 'RS Jiwa Abepura', '', '', '', '33', '33'),
(623, 'RS Umum Daerah Asmat', '', '', '', '33', '33'),
(624, 'RS Umum Biak', '', '', '', '33', '33'),
(625, 'RS Bergerak Kabupaten Boven Digoel', '', '', '', '33', '33'),
(626, 'RS Umum Daerah Boven Digoel', '', '', '', '33', '33'),
(627, 'RS Umum Daerah Pratama Waghete', '', '', '', '33', '33'),
(628, 'RS Umum Daerah Kwaingga Kabupaten Keerom', '', '', '', '33', '33'),
(629, 'RS Umum Daerah Serui', '', '', '', '33', '33'),
(630, 'RS Umum Daerah Tiom', '', '', '', '33', '33'),
(631, 'RS Bergerak Kabupaten Mamberamo Raya', '', '', '', '33', '33'),
(632, 'RS Umum Daerah Kabupaten Mappi', '', '', '', '33', '33'),
(633, 'RS Umum Merauke', '', '', '', '33', '33'),
(634, 'RS Kusta Merauke', '', '', '', '33', '33'),
(635, 'RS Umum Daerah Kabupaten Mimika', '', '', '', '33', '33'),
(636, 'RS Umum Nabire', '', '', '', '33', '33'),
(637, 'RS Pratama Elvrida Sara', '', '', '', '33', '33'),
(638, 'RS Umum Daerah Paniai', '', '', '', '33', '33'),
(639, 'RS Umum Daerah Oksibil', '', '', '', '33', '33'),
(640, 'RS Umum Daerah Mulia', '', '', '', '33', '33'),
(641, 'RS Hendrik Fintay Kabupaten Sarmi', '', '', '', '33', '33'),
(642, 'RS Umum Pratama Sarmi', '', '', '', '33', '33'),
(643, 'RS Umum Daerah Supiori', '', '', '', '33', '33'),
(644, 'RS Umum Daerah Karubaga', '', '', '', '33', '33'),
(645, 'RS Umum Daerah Dekai', '', '', '', '33', '33'),
(646, 'RS Umum Daerah Yowari Sentani', '', '', '', '33', '33'),
(647, 'RS Umum Wamena', '', '', '', '33', '33'),
(648, 'RS Umum Daerah Sele Be Solu', '', '', '', '34', '34'),
(649, 'RS Umum Daerah Fakfak', '', '', '', '34', '34'),
(650, 'RS Umum Daerah Kaimana', '', '', '', '34', '34'),
(651, 'RS Umum Daerah Manokwari', '', '', '', '34', '34'),
(652, 'RS Umum Daerah Salak', '', '', '', '34', '34'),
(653, 'RS Umum Daerah Raja Ampat', '', '', '', '34', '34'),
(654, 'RS Umum Daerah Kabupaten Sorong', '', '', '', '34', '34'),
(655, 'RS Umum Daerah Scholoo Keyen', '', '', '', '34', '34'),
(656, 'RS Umum Daerah Teluk Bintuni', '', '', '', '34', '34'),
(657, 'RS Umum Daerah Kabupaten Teluk Wondama', '', '', '', '34', '34'),
(658, 'RS Umum Daerah Tanjung Uban', '', '', '', '5', '5'),
(659, 'RS Umum Daerah Provinsi Kepulauan Riau Tanjungpina', '', '', '', '5', '5'),
(660, 'RS Umum Daerah Embung Fatimah Kota Batam', '', '', '', '5', '5'),
(661, 'RS Umum Daerah Kota Tanjung Pinang', '', '', '', '5', '5'),
(662, 'RS Umum Daerah Kabupaten Bintan', '', '', '', '5', '5'),
(663, 'RS Umum Daerah Lapangan Kepulauan Anambas', '', '', '', '5', '5'),
(664, 'RS Umum Daerah Bergerak Jemaja', '', '', '', '5', '5'),
(665, 'RS Umum Daerah Daik Kabupaten Lingga', '', '', '', '5', '5'),
(666, 'RS Umum Daerah Dabo Kabupaten Lingga', '', '', '', '5', '5'),
(667, 'RS Umum Daerah Natuna', '', '', '', '5', '5'),
(668, 'RS Umum Daerah Kabupaten Karimun', '', '', '', '5', '5'),
(669, 'RS Jiwa Sungai Liat', '', '', '', '6', '6'),
(670, 'RS Umum Daerah Dr. (H.C.) Ir. Soekarno', '', '', '', '6', '6'),
(671, 'RS Umum Daerah Depati Hamzah', '', '', '', '6', '6'),
(672, 'RS Umum Daerah Depati Bahrin', '', '', '', '6', '6'),
(673, 'RS Umum Daerah DR. Eko Maulana Ali', '', '', '', '6', '6'),
(674, 'RS Umum Daerah Sejiran Setason', '', '', '', '6', '6'),
(675, 'RS Umum Daerah Kab. Bangka Selatan', '', '', '', '6', '6'),
(676, 'RS Umum Daerah Kab.Bangka Tengah', '', '', '', '6', '6'),
(677, 'RS Umum Daerah dr. H. Marsidi Judono', '', '', '', '6', '6'),
(678, 'RS Umum Daerah Kab.Belitung Timur', '', '', '', '6', '6'),
(679, 'RS Umum Daerah Banten', '', '', '', '13', '13'),
(680, 'RS Umum Daerah Malingping', '', '', '', '13', '13'),
(681, 'RS Umum Daerah Kota Cilegon', '', '', '', '13', '13'),
(682, 'RS Umum Daerah Kota Tangerang', '', '', '', '13', '13'),
(683, 'RS Umum Daerah Kota Tangerang Selatan', '', '', '', '13', '13'),
(684, 'RS Umum Daerah dr. Drajat Prawiranegara', '', '', '', '13', '13'),
(685, 'RS Umum Daerah Kabupaten Tangerang', '', '', '', '13', '13'),
(686, 'RS Umum Daerah Dr. Adjidarmo', '', '', '', '13', '13'),
(687, 'RS Umum Daerah Berkah Pandeglang', '', '', '', '13', '13'),
(688, 'RS Umum Daerah Balaraja', '', '', '', '13', '13'),
(689, 'RS Umum Daerah dr. Hasri Ainun Habibie', '', '', '', '26', '26'),
(690, 'RS Umum Daerah Prof Dr. H. Aloei Saboe', '', '', '', '26', '26'),
(691, 'RS Umum Daerah Otanaha', '', '', '', '26', '26'),
(692, 'RS Umum Daerah Tani dan Nelayan', '', '', '', '26', '26'),
(693, 'RS Umum Daerah dr. M. Mohammad Dunda', '', '', '', '26', '26'),
(694, 'RS Umum Daerah dr. Zainal Umar Sidiki', '', '', '', '26', '26'),
(695, 'RS Umum Daerah Bumi Panua', '', '', '', '26', '26'),
(696, 'RS Umum Daerah Toto Kabila', '', '', '', '26', '26'),
(697, 'RS Umum Daerah Tombulilato', '', '', '', '26', '26'),
(698, 'RS Umum Daerah Provinsi Sulawesi Barat', '', '', '', '27', '27'),
(699, 'RS Umum Daerah Kabupaten Mamaje', '', '', '', '27', '27'),
(700, 'RS Umum Daerah Kondosapata Kab. Mamasa', '', '', '', '27', '27'),
(701, 'RS Umum Lapangan Minake', '', '', '', '27', '27'),
(702, 'RS Umum Daerah Kabupaten Mamuju', '', '', '', '27', '27'),
(703, 'RS Umum Daerah Kabupaten Mamuju Tengah', '', '', '', '27', '27'),
(704, 'RS Umum Daerah Mamuju Utara', '', '', '', '27', '27'),
(705, 'RS Umum Daerah Polewali', '', '', '', '27', '27'),
(706, 'RS Umum Daerah Dr. H. Chasan Boesoirie Ternate', '', '', '', '32', '32'),
(707, 'RS Umum Sofifi', '', '', '', '32', '32'),
(708, 'RS Jiwa Sofifi', '', '', '', '32', '32'),
(709, 'RS Umum Daerah Kota Tidore Kepulauan', '', '', '', '32', '32'),
(710, 'RS Umum Daerah Jailolo', '', '', '', '32', '32'),
(711, 'RS Umum Daerah Labuha', '', '', '', '32', '32'),
(712, 'RS Umum Obi', '', '', '', '32', '32'),
(713, 'RS Pratama Bisui Kab. Halmahera Selatan', '', '', '', '32', '32'),
(714, 'RS Umum Daerah Weda', '', '', '', '32', '32'),
(715, 'RS Umum Daerah Maba', '', '', '', '32', '32'),
(716, 'RS Umum Daerah Tobelo', '', '', '', '32', '32'),
(717, 'RS Bergerak Kao Kab. Halmahera Utara', '', '', '', '32', '32'),
(718, 'RS Umum Daerah Sanana', '', '', '', '32', '32'),
(719, 'RS Umum Daerah Kab. Pulau Morotai', '', '', '', '32', '32'),
(720, 'RS Umum Daerah Bobong', '', '', '', '32', '32'),
(721, 'RS Umum Daerah Tarakan', '', '', '', '21', '21'),
(722, 'RS Umum Daerah Mantri Raga Kota Tarakan', '', '', '', '21', '21'),
(723, 'RS Umum Daerah Kabupaten Malinau', '', '', '', '21', '21'),
(724, 'RS Pratama Long Ampung', '', '', '', '21', '21'),
(725, 'RS Bergerak Langap Kab. Malinau', '', '', '', '21', '21'),
(726, 'RS Umum Daerah Kabupaten Nunukan', '', '', '', '21', '21'),
(727, 'RS Umum Daerah Akhmad Berahim', '', '', '', '21', '21'),
(728, 'RS Umum Daerah Tanjung Selor', '', '', '', '21', '21');

-- --------------------------------------------------------

--
-- Table structure for table `subaspek`
--

CREATE TABLE `subaspek` (
  `id_subaspek` float NOT NULL,
  `nama_subaspek` varchar(155) DEFAULT NULL,
  `id_aspek` varchar(11) DEFAULT NULL
) ENGINE=InnoDB DEFAULT CHARSET=latin1;

--
-- Dumping data for table `subaspek`
--

INSERT INTO `subaspek` (`id_subaspek`, `nama_subaspek`, `id_aspek`) VALUES
(1, 'Rasio Keuangan', '1'),
(2, 'Kepatuhan Pengelolaan Keuangan RSD', '1'),
(3, 'Kualitas Layanan', '2'),
(4, 'Mutu dan Manfaat Kepada Masyarakat', '2');

-- --------------------------------------------------------

--
-- Table structure for table `user`
--

CREATE TABLE `user` (
  `id_user` int(5) NOT NULL,
  `username` varchar(100) DEFAULT NULL,
  `password` varchar(50) DEFAULT NULL,
  `level` int(2) DEFAULT NULL,
  `nickname` varchar(255) DEFAULT NULL,
  `is_active` enum('1','0') DEFAULT '1',
  `created` datetime NOT NULL
) ENGINE=InnoDB DEFAULT CHARSET=latin1;

--
-- Dumping data for table `user`
--

INSERT INTO `user` (`id_user`, `username`, `password`, `level`, `nickname`, `is_active`, `created`) VALUES
(1, 'admin', '0192023a7bbd73250516f069df18b500', 1, 'administrator', '1', '2018-01-11 09:59:20'),
(2, 'anisa', '301b96488b077ba8f9a4a01db8dab2db', 1, 'anisa rahman', '1', '0000-00-00 00:00:00'),
(3, 'Asrip', 'f2967c47e5352bd85be57a9a3a23dc3d', 1, 'Asrip', '1', '0000-00-00 00:00:00'),
(4, 'Kuwat', 'f2967c47e5352bd85be57a9a3a23dc3d', 1, 'Kuwat', '1', '0000-00-00 00:00:00');

--
-- Indexes for dumped tables
--

--
-- Indexes for table `aspek`
--
ALTER TABLE `aspek`
  ADD PRIMARY KEY (`id_aspek`),
  ADD KEY `id_aspek` (`id_aspek`);

--
-- Indexes for table `indikator`
--
ALTER TABLE `indikator`
  ADD PRIMARY KEY (`id_indikator`),
  ADD KEY `FK_indikator` (`id_kelindikator`);

--
-- Indexes for table `penilaian`
--
ALTER TABLE `penilaian`
  ADD PRIMARY KEY (`id_penilaian`);

--
-- Indexes for table `perwakilan`
--
ALTER TABLE `perwakilan`
  ADD PRIMARY KEY (`id_perwakilan`);

--
-- Indexes for table `provinsi`
--
ALTER TABLE `provinsi`
  ADD PRIMARY KEY (`id_provinsi`);

--
-- Indexes for table `rsd`
--
ALTER TABLE `rsd`
  ADD PRIMARY KEY (`id_rsd`),
  ADD KEY `FK_provinsi` (`id_provinsi`),
  ADD KEY `FK_perwakilan` (`id_perwakilan`);

--
-- Indexes for table `subaspek`
--
ALTER TABLE `subaspek`
  ADD PRIMARY KEY (`id_subaspek`);

--
-- Indexes for table `user`
--
ALTER TABLE `user`
  ADD PRIMARY KEY (`id_user`);

--
-- AUTO_INCREMENT for dumped tables
--

--
-- AUTO_INCREMENT for table `aspek`
--
ALTER TABLE `aspek`
  MODIFY `id_aspek` float NOT NULL AUTO_INCREMENT, AUTO_INCREMENT=3;

--
-- AUTO_INCREMENT for table `indikator`
--
ALTER TABLE `indikator`
  MODIFY `id_indikator` float NOT NULL AUTO_INCREMENT, AUTO_INCREMENT=62;

--
-- AUTO_INCREMENT for table `penilaian`
--
ALTER TABLE `penilaian`
  MODIFY `id_penilaian` int(11) NOT NULL AUTO_INCREMENT, AUTO_INCREMENT=453;

--
-- AUTO_INCREMENT for table `perwakilan`
--
ALTER TABLE `perwakilan`
  MODIFY `id_perwakilan` float NOT NULL AUTO_INCREMENT, AUTO_INCREMENT=35;

--
-- AUTO_INCREMENT for table `provinsi`
--
ALTER TABLE `provinsi`
  MODIFY `id_provinsi` float NOT NULL AUTO_INCREMENT, AUTO_INCREMENT=35;

--
-- AUTO_INCREMENT for table `rsd`
--
ALTER TABLE `rsd`
  MODIFY `id_rsd` float NOT NULL AUTO_INCREMENT, AUTO_INCREMENT=729;

--
-- AUTO_INCREMENT for table `subaspek`
--
ALTER TABLE `subaspek`
  MODIFY `id_subaspek` float NOT NULL AUTO_INCREMENT, AUTO_INCREMENT=5;

--
-- AUTO_INCREMENT for table `user`
--
ALTER TABLE `user`
  MODIFY `id_user` int(5) NOT NULL AUTO_INCREMENT, AUTO_INCREMENT=5;
COMMIT;

/*!40101 SET CHARACTER_SET_CLIENT=@OLD_CHARACTER_SET_CLIENT */;
/*!40101 SET CHARACTER_SET_RESULTS=@OLD_CHARACTER_SET_RESULTS */;
/*!40101 SET COLLATION_CONNECTION=@OLD_COLLATION_CONNECTION */;
